01,01,ğŸ‰,Ano Novo
01,01,ğŸ¤,Dia da ConfraternizaÃ§Ã£o Universal
01,01,ğŸ•Šï¸,Dia Mundial da Paz
01,01,ğŸ¥,Janeiro Branco | SaÃºde Mental
01,01,ğŸ©º,Janeiro Roxo | HansenÃ­ase
01,02,ğŸ°,Dia do Confeiteiro
01,02,ğŸ”¬,Dia do Sanitarista
01,02,ğŸŒ¿,Dia Mundial do Introvertido
01,02,ğŸ™,SÃ£o BasÃ­lio Magno
01,03,âš–ï¸,Dia do Juiz de Menores
01,04,ğŸ©º,Dia do HemofÃ­lico
01,04,ğŸ“,Dia Mundial do Braille
01,04,ğŸ’‰,Dia Nacional da Abreugrafia
01,05,âœ’ï¸,Dia da CriaÃ§Ã£o da Primeira Tipografia no Brasil
01,05,â›ª,SÃ£o Nepomuceno Neumann
01,06,ğŸ™Œ,Dia da GratidÃ£o
01,06,ğŸ‘‘,Dia de Reis
01,06,ğŸŒ ,Dia do AstrÃ³logo
01,06,ğŸ˜‚,Dia Nacional GraÃ§as a Deus Ã‰ Segunda-Feira
01,07,ğŸ•‰ï¸,Dia da Liberdade de Cultos
01,07,ğŸ˜¤,Dia de NÃ£o Aguentar Mais Isso
01,07,ğŸ“š,Dia do Leitor
01,08,ğŸ“¸,Dia do FotÃ³grafo
01,09,ğŸš€,Dia do Astronauta
01,09,ğŸ‡§ğŸ‡·,Dia do Fico
01,10,ğŸ™,SÃ£o GonÃ§alo de Amarante
01,11,ğŸš«,Dia do Controle da PoluiÃ§Ã£o por AgrotÃ³xicos
01,12,ğŸ‚,AniversÃ¡rio de BelÃ©m
01,12,ğŸ’¼,Dia Nacional do EmpresÃ¡rio ContÃ¡bil
01,13,ğŸ’­,Dia de Realizar seus Sonhos
01,13,â›ª,Santo HilÃ¡rio de Poitiers
01,14,ğŸ¶,Dia de Vestir seu Pet com Roupa de Gente
01,14,ğŸ¤•,Dia do Enfermo
01,14,âš½,Dia do Treinador de Futebol
01,14,ğŸ§ ,Dia Mundial da LÃ³gica
01,15,ğŸ‘´,Dia do Adulto
01,15,ğŸ¶,Dia do Compositor
01,15,ğŸ…,Dia Nacional do Jogo Limpo e de Combate ao Doping nos Esportes
01,15,ğŸ™,Santo Amaro
01,16,ğŸŒ¾,Dia do Cortador de Cana-de-AÃ§Ãºcar
01,16,â›ª,SÃ£o Marcelo Papa
01,17,ğŸ‚,AniversÃ¡rio da EmancipaÃ§Ã£o do CearÃ¡
01,17,ğŸ¤¦,Dia de Esquecer as ResoluÃ§Ãµes de Ano Novo
01,17,âš–ï¸,Dia dos Tribunais de Contas do Brasil
01,17,ğŸ™,Santo AntÃ£o
01,18,ğŸ’…,Dia da Manicure
01,18,ğŸ“,Dia da Universidade
01,18,ğŸ’†,Dia do Esteticista
01,18,ğŸ˜‚,Dia Internacional do Riso
01,18,ğŸ¥‹,Dia Nacional do Krav Maga
01,19,ğŸ’‡,Dia do Cabeleireiro
01,19,ğŸ’ƒ,Dia do Passista
01,19,ğŸ™,SÃ£o Canuto
01,20,ğŸ’Š,Dia do FarmacÃªutico
01,20,ğŸ§€,Dia Mundial do Queijo
01,20,ğŸ¤°,Dia Nacional da Parteira Tradicional
01,20,ğŸš—,Dia Nacional do Fusca
01,20,â›ª,SÃ£o SebastiÃ£o
01,21,ğŸ•‰ï¸,Dia Mundial da ReligiÃ£o
01,21,âœŠ,Dia Nacional de Combate Ã  IntolerÃ¢ncia Religiosa
01,23,ğŸ©º,Dia Internacional da Medicina Integrativa
01,23,ğŸ™,Santo Ildefonso
01,24,ğŸ¦,Dia da PrevidÃªncia Social
01,24,ğŸ‘´,Dia dos Aposentados
01,24,ğŸ“,Dia Internacional da EducaÃ§Ã£o
01,24,ğŸŒ,Dia Mundial da Cultura Africana e Afrodescendente
01,25,ğŸ‚,AniversÃ¡rio de SÃ£o Paulo
01,25,ğŸ“¬,Dia do Carteiro
01,25,ğŸ“®,Dia dos Correios e TelÃ©grafos
01,25,ğŸ·,Dia Nacional da Bossa Nova
01,26,ğŸ½ï¸,Dia da Gula
01,26,ğŸŒ,Dia Internacional das Aduanas
01,26,ğŸ©º,Dia Mundial contra a HansenÃ­ase
01,26,ğŸŒ¿,Dia Mundial da EducaÃ§Ã£o Ambiental
01,26,ğŸš«,Dia Nacional de Combate e PrevenÃ§Ã£o da HansenÃ­ase
01,26,ğŸ™,SÃ£o TimÃ³teo
01,27,ğŸ¤,Dia do Orador
01,27,ğŸ–¼ï¸,Dia Internacional do Conservador-Restaurador
01,27,ğŸ•¯ï¸,Dia Internacional em MemÃ³ria das VÃ­timas do Holocausto
01,28,ğŸŒ,Dia do ComÃ©rcio Exterior
01,28,âš“,Dia do PortuÃ¡rio
01,28,ğŸ”’,Dia Internacional da ProteÃ§Ã£o de Dados
01,28,âœŠ,Dia Nacional de Combate ao Trabalho Escravo
01,28,ğŸ’¼,Dia Nacional do Auditor-Fiscal do Trabalho
01,28,ğŸ™,SÃ£o TomÃ¡s de Aquino
01,29,ğŸ‰,Ano-Novo ChinÃªs
01,29,ğŸ³ï¸â€âš§ï¸,Dia Nacional da Visibilidade Trans
01,30,ğŸ¥°,Dia da Saudade
01,30,ğŸ¤,Dia do Padrinho
01,30,ğŸ•Šï¸,Dia Mundial da NÃ£o-ViolÃªncia e Cultura de Paz
01,30,ğŸ“–,Dia Nacional das HistÃ³rias em Quadrinhos
01,31,ğŸ”§,Dia do Engenheiro Ambiental
01,31,ğŸ©,Dia do MÃ¡gico
01,31,ğŸŒ¿,Dia Nacional das Reservas Particulares do PatrimÃ´nio Natural
01,31,ğŸ™,SÃ£o JoÃ£o Bosco
02,01,ğŸ“¢,Dia do PublicitÃ¡rio
02,01,ğŸ©¼,Fevereiro Laranja | Leucemia
02,01,ğŸ©º,Fevereiro Roxo | LÃºpus Alzheimer e Fibromialgia
02,02,ğŸŒŠ,Dia de IemanjÃ¡
02,02,â›´ï¸,Dia de Nossa Senhora dos Navegantes
02,02,ğŸ•µï¸,Dia do Agente Fiscal
02,02,ğŸ’§,Dia Mundial das Zonas Ãšmidas
02,03,ğŸ™,SÃ£o BrÃ¡s
02,04,ğŸ‚,AniversÃ¡rio de MacapÃ¡
02,04,ğŸ‘¥,Dia do Amigo do Facebook
02,04,ğŸ¤,Dia Internacional da Fraternidade Humana
02,04,ğŸ—ï¸,Dia Mundial do CÃ¢ncer
02,05,ğŸ–ï¸,Dia do Datiloscopista
02,05,ğŸ©¹,Dia do Dermatologista
02,05,ğŸ«,Dia Mundial da Nutella
02,05,ğŸ©º,Dia Nacional da Mamografia
02,06,ğŸŒ¿,Dia do Agente de Defesa Ambiental
02,06,âœ‚ï¸,Dia Internacional da TolerÃ¢ncia Zero Ã  MutilaÃ§Ã£o Genital Feminina
02,07,ğŸ–¨ï¸,Dia do GrÃ¡fico
02,07,âœŠ,Dia Nacional de Luta dos Povos IndÃ­genas
02,08,ğŸ–ï¸,Dia do MagistÃ©rio Militar
02,09,ğŸ›,Dia de Leitura na Banheira
02,09,ğŸ¶,Dia do Frevo em Pernambuco
02,10,ğŸ‹ï¸,Dia do Atleta Profissional
02,10,ğŸ§ ,Dia Internacional da Epilepsia
02,10,ğŸ¥—,Dia Mundial das Leguminosas
02,11,ğŸŒ,Dia da Internet Segura
02,11,ğŸ§¹,Dia do Zelador
02,11,ğŸ‘©â€ğŸ”¬,Dia Internacional das Mulheres e Meninas na CiÃªncia
02,11,ğŸ¤•,Dia Mundial do Enfermo
02,11,ğŸ™,Nossa Senhora de Lourdes
02,12,ğŸ’,Dia de Darwin
02,13,âœ¨,Dia de Ter um Nome Diferente
02,13,â›ª,Dia do ServiÃ§o de AssistÃªncia Religiosa do ExÃ©rcito
02,13,ğŸ’Š,Dia Internacional do Preservativo
02,13,ğŸ“»,Dia Mundial do RÃ¡dio
02,14,ğŸ’–,Dia de SÃ£o Valentim
02,14,âš½,Dia do Botonista
02,14,ğŸ“š,Dia Internacional da DoaÃ§Ã£o de Livros
02,14,â¤ï¸,Dia Mundial do Amor
02,15,ğŸ—ï¸,Dia Internacional de Luta contra o CÃ¢ncer Infantil
02,16,ğŸ¤,Dia do RepÃ³rter
02,17,ğŸ±,Dia Mundial do Gato
02,18,ğŸ§©,Dia Internacional da SÃ­ndrome de Asperger
02,18,ğŸ·,Dia Nacional de Combate ao Alcoolismo
02,19,ğŸƒ,Dia do Esportista
02,19,ğŸ³,Dia Mundial da Baleia
02,19,ğŸ™,SÃ£o Conrado
02,20,âš–ï¸,Dia Mundial da JustiÃ§a Social
02,20,ğŸš«,Dia Nacional de Combate Ã s Drogas e Alcoolismo
02,21,ğŸ—£ï¸,Dia Internacional da LÃ­ngua Materna
02,21,ğŸ‡®ğŸ‡¹,Dia Nacional do Imigrante Italiano
02,22,ğŸ§¹,Dia do Auxiliar de ServiÃ§os Gerais
02,22,ğŸ›ï¸,Dia Internacional do MaÃ§om
02,22,ğŸ¹,Dia Mundial da Margarita
02,23,ğŸ¡,Dia Nacional do Movimento Municipalista Brasileiro
02,23,ğŸ”„,Dia Nacional do Rotary
02,24,ğŸ—³ï¸,Dia da Conquista do Voto Feminino no Brasil
02,24,ğŸ“œ,PromulgaÃ§Ã£o da Primeira ConstituiÃ§Ã£o Republicana
02,25,ğŸ“¡,Dia da CriaÃ§Ã£o do MinistÃ©rio das ComunicaÃ§Ãµes
02,26,ğŸ“–,Dia de Contar um Conto de Fadas
02,26,ğŸ™,Santo Alexandre
02,27,ğŸ•µï¸,Dia do Agente Fiscal da Receita Federal
02,27,ğŸ“š,Dia do Livro DidÃ¡tico
02,27,â›ª,SÃ£o Leandro
02,28,ğŸ¥³,Dia da Ressaca
02,28,ğŸ©º,Dia Mundial da DoenÃ§a Rara
02,28,ğŸ¤•,Dia Mundial de combate a LER/DORT
02,28,ğŸ™,SÃ£o RomÃ£o e Lupicino
03,01,ğŸ‚,AniversÃ¡rio do Rio de Janeiro
03,01,ğŸ¤’,Dia das CrianÃ§as Doentes
03,01,ğŸŒ¿,Dia do Turismo EcolÃ³gico
03,01,ğŸš«,Dia Mundial de Zero DiscriminaÃ§Ã£o
03,01,âœˆï¸,Dia Pan-Americano de Turismo
03,01,ğŸ©º,MarÃ§o Azul-Marinho | CÃ¢ncer Colorretal
03,01,ğŸ—ï¸,MarÃ§o Vermelho | CÃ¢ncer Renal
03,03,âš“,Dia do Corpo de Intendentes da Marinha
03,03,ğŸ‘‚,Dia do MÃ©dico Otorrinolaringologista
03,03,ğŸ§,Dia Mundial da AudiÃ§Ã£o
03,03,ğŸ¾,Dia Mundial da Vida Selvagem
03,03,ğŸ‘¶,Dia Mundial dos Defeitos do Nascimento
03,03,ğŸ¥,Segunda-feira de Carnaval
03,04,ğŸ­,Carnaval
03,04,ğŸ²,Dia dos Soldadinhos de Brinquedo
03,04,ğŸ©º,Dia Internacional da ConscientizaÃ§Ã£o sobre o HPV
03,04,ğŸ”§,Dia Mundial da Engenharia para o Desenvolvimento SustentÃ¡vel
03,04,âš–ï¸,Dia Mundial da Obesidade
03,05,ğŸ¤,Dia da IntegraÃ§Ã£o Cooperativista
03,05,ğŸ“¬,Dia do Filatelista Brasileiro
03,05,âœ‹,Dia Internacional do Desarmamento e ConscientizaÃ§Ã£o sobre a NÃ£o-ProliferaÃ§Ã£o
03,05,ğŸ’¡,Dia Mundial da EficiÃªncia EnergÃ©tica
03,05,ğŸ»,Dia Nacional da MÃºsica ClÃ¡ssica
03,05,ğŸ™,Quaresma 2025 (de 5 de marÃ§o a 17 de abril)
03,05,ğŸ”¥,Quarta-feira de Cinzas (Ponto Facultativo atÃ© as 14h)
03,07,âš“,Dia do Fuzileiro Naval
03,07,ğŸ¦–,Dia do PaleontÃ³logo
03,07,ğŸ›,Dia Mundial da OraÃ§Ã£o
03,07,âš–ï¸,Dia Nacional da Advocacia PÃºblica
03,08,ğŸ‘©,Dia Internacional da Mulher
03,09,ğŸ§,Dia Mundial do DJ
03,10,ğŸ˜ï¸,Dia da Sociedade dos Amigos do Bairro
03,10,ğŸ§¹,Dia do Conservador
03,10,ğŸ‘´,Dia do Sogro
03,10,ğŸ®,Dia do Super Mario
03,10,ğŸ“,Dia do Telefone
03,10,ğŸ‘©â€âš–ï¸,Dia Internacional das JuÃ­zas
03,10,ğŸš¶,Dia Nacional de Combate ao Sedentarismo
03,12,ğŸ‚,AniversÃ¡rio de Recife
03,12,ğŸ“š,Dia do BibliotecÃ¡rio
03,12,ğŸš«,Dia Mundial Contra a Cibercensura
03,12,ğŸ‘ï¸,Dia Mundial do Glaucoma
03,13,ğŸŒ¿,Dia do Conservacionismo
03,13,ğŸ©º,Dia Mundial do Rim
03,14,ğŸŒ‘,1Âº Eclipse Lunar de 2025 - Eclipse Total (visÃ­vel no Brasil)
03,14,ğŸ’¦,Dia da IncontinÃªncia UrinÃ¡ria
03,14,ğŸ•·ï¸,Dia de Salvar uma Aranha
03,14,ğŸ¥§,Dia do Pi
03,14,ğŸ“–,Dia do Vendedor de Livros
03,14,â—,Dia Internacional da MatemÃ¡tica
03,14,ğŸŒŠ,Dia Internacional de Luta contra as Barragens
03,14,ğŸ˜´,Dia Mundial do Sono
03,14,ğŸ¾,Dia Nacional dos Animais
03,15,ğŸ«,Dia da Escola
03,15,ğŸ’¬,Dia das ConfissÃµes Sinceras
03,15,ğŸš«,Dia Internacional de Combate Ã  Islamofobia
03,15,ğŸ›ï¸,Dia Mundial do Consumidor
03,15,ğŸ™,SÃ£o Longuinho
03,16,âš–ï¸,Dia do Agente Federal de ExecuÃ§Ã£o Penal
03,16,ğŸ”—,Dia do Agente PenitenciÃ¡rio Federal
03,16,ğŸ©º,Dia do MÃ©dico ClÃ­nico
03,16,ğŸŒ,Dia Nacional de ConscientizaÃ§Ã£o sobre as MudanÃ§as ClimÃ¡ticas
03,16,ğŸ‘‚,Dia Nacional do Ouvidor
03,17,ğŸ‚,AniversÃ¡rio de Aracaju
03,17,ğŸ€,Dia de SÃ£o PatrÃ­cio
03,17,âš°ï¸,Dia do Agente FunerÃ¡rio
03,18,ğŸ›ï¸,Dia do DeMolay
03,18,âœ¡ï¸,Dia Nacional da ImigraÃ§Ã£o Judaica
03,19,ğŸ”¨,Dia do Carpinteiro e do Marceneiro
03,19,ğŸ› ï¸,Dia do Consertador
03,19,ğŸ¨,Dia Nacional do ArtesÃ£o
03,19,ğŸ™,SÃ£o JosÃ©
03,20,ğŸ‡«ğŸ‡·,Dia da LÃ­ngua Francesa
03,20,ğŸ“–,Dia do Contador de HistÃ³rias
03,20,ğŸ˜Š,Dia Internacional da Felicidade
03,20,ğŸ¦·,Dia Mundial da SaÃºde Bucal
03,20,ğŸ¥•,Dia Mundial sem Carne
03,20,ğŸŸ,Dia Nacional da Aquicultura
03,20,ğŸ½ï¸,Dia Nacional de AtenÃ§Ã£o Ã  Disfagia
03,20,ğŸ­,Dia Nacional do Teatro para a InfÃ¢ncia e Juventude
03,20,ğŸ‚,InÃ­cio do Outono
03,21,ğŸ¥–,Dia do PÃ£o FrancÃªs
03,21,ğŸ®,Dia do TiramisÃ¹
03,21,ğŸš«,Dia Internacional Contra a DiscriminaÃ§Ã£o Racial
03,21,ğŸ¤•,Dia Internacional da Cefaleia em Salvas
03,21,ğŸŒ³,Dia Internacional das Florestas e da Ãrvore
03,21,ğŸ§©,Dia Internacional da SÃ­ndrome de Down
03,21,ğŸŒ,Dia Internacional de Nowruz
03,21,ğŸŒ¸,Dia Internacional do Perfume
03,21,ğŸ‘¶,Dia Mundial da InfÃ¢ncia
03,21,âœï¸,Dia Mundial da Poesia
03,22,ğŸ’§,Dia Mundial da Ãgua
03,23,ğŸ‚,AniversÃ¡rio de FlorianÃ³polis
03,23,ğŸ‘“,Dia do Optometrista
03,23,â˜ï¸,Dia Mundial da Meteorologia
03,23,ğŸ“,Dia Mundial do Acupunturista
03,23,ğŸ«,Dia Nacional do Piso Salarial dos Professores
03,24,âš–ï¸,Dia Internacional para o Direito Ã  Verdade para as VÃ­timas de Graves ViolaÃ§Ãµes dos Direitos Humanos
03,24,ğŸ©º,Dia Mundial de Combate Ã  Tuberculose
03,25,â›ª,Dia da AnunciaÃ§Ã£o do Senhor
03,25,ğŸ“œ,Dia da ConstituiÃ§Ã£o
03,25,âœˆï¸,Dia do Especialista de AeronÃ¡utica
03,25,ğŸ”—,Dia Internacional da Solidariedade da Pessoa Detenta ou Desaparecida
03,25,ğŸ¤,Dia Internacional de Solidariedade com FuncionÃ¡rios Detidos e Desaparecidos da ONU
03,25,ğŸ•‰ï¸,Dia Internacional em MemÃ³ria das VÃ­timas da EscravidÃ£o e do ComÃ©rcio TransatlÃ¢ntico de Escravos
03,25,ğŸŒ,Dia Nacional da Comunidade Ãrabe
03,25,âš–ï¸,Dia Nacional do Oficial de JustiÃ§a
03,25,ğŸŒ,Hora do Planeta
03,25,ğŸ™,SÃ£o Dimas
03,26,ğŸ‚,AniversÃ¡rio de Porto Alegre
03,26,ğŸ‰,Dia de Criar seu PrÃ³prio Feriado
03,26,ğŸ«,Dia do Cacau
03,26,ğŸŒ,Dia do Mercosul
03,26,ğŸ§ ,Dia Mundial de ConscientizaÃ§Ã£o da Epilepsia
03,27,ğŸª,Dia do Circo
03,27,ğŸ­,Dia Mundial do Teatro
03,28,ğŸ“,Dia do Diagramador
03,28,âœï¸,Dia do Revisor
03,29,ğŸ‚,AniversÃ¡rio de Curitiba
03,29,ğŸ‚,AniversÃ¡rio de Salvador
03,30,ğŸ—‘ï¸,Dia Internacional do Lixo Zero
03,30,ğŸ§ ,Dia Mundial do Transtorno Bipolar
03,31,ğŸ‡§ğŸ‡·,Dia da IntegraÃ§Ã£o Nacional
03,31,ğŸ¥—,Dia da SaÃºde e NutriÃ§Ã£o
03,31,ğŸ³ï¸â€âš§ï¸,Dia Internacional da Visibilidade TransgÃªnero
03,31,ğŸ’¾,Dia Mundial do Backup
04,01,ğŸ§©,Abril Azul | Autismo
04,01,ğŸ› ï¸,Abril Verde | SaÃºde e SeguranÃ§a no Trabalho
04,01,âœŠ,Dia da AboliÃ§Ã£o da EscravidÃ£o dos Ãndios
04,01,ğŸ¤¡,Dia da Mentira - 1Âº de Abril
04,01,ğŸ˜‚,Dia Internacional da DiversÃ£o no Trabalho
04,02,âœ…,Dia Internacional da Checagem de Fatos
04,02,ğŸ“š,Dia Internacional do Livro Infantil
04,02,ğŸ§ ,Dia Mundial da ConscientizaÃ§Ã£o do Autismo
04,02,ğŸ¥,Semana da SaÃºde no Brasil (de 2 a 7)
04,03,ğŸ“Š,Dia do AtuÃ¡rio
04,03,ğŸƒ,Dia do Desporto ComunitÃ¡rio
04,04,ğŸ’£,Dia Internacional de Alerta Ã s Minas Terrestres e AssistÃªncia Ã  Desminagem
04,04,ğŸ¾,Dia Mundial dos Animais de Rua
04,04,ğŸ§ ,Dia Nacional do Parkinsoniano
04,05,ğŸ“¡,Dia das TelecomunicaÃ§Ãµes
04,05,ğŸ‘¶,Dia do Filho
04,05,ğŸ’Š,Dia do Propagandista FarmacÃªutico
04,05,ğŸ§˜,Dia Internacional da ConsciÃªncia
04,06,ğŸ…,Dia Internacional do Esporte para o Desenvolvimento e pela Paz
04,06,ğŸ’ª,Dia Mundial da Atividade FÃ­sica
04,06,ğŸƒ,Dia Nacional de MobilizaÃ§Ã£o pela PromoÃ§Ã£o da SaÃºde e Qualidade de Vida
04,07,ğŸ ,Dia do Corretor
04,07,âœï¸,Dia do Jornalista
04,07,ğŸ©¼,Dia do MÃ©dico Legista
04,07,ğŸ•‰ï¸,Dia Internacional para ReflexÃ£o do GenocÃ­dio de 1994 contra os Tutsi em Ruanda
04,07,ğŸ©º,Dia Mundial da SaÃºde
04,07,ğŸš«,Dia Nacional de Combate ao Bullying e Ã  ViolÃªncia na Escola
04,08,ğŸ‚,AniversÃ¡rio de CuiabÃ¡
04,08,ğŸŠ,Dia da NataÃ§Ã£o
04,08,ğŸŒ ,Dia Mundial da Astronomia
04,08,ğŸ—ï¸,Dia Mundial do Combate ao CÃ¢ncer
04,08,ğŸ“,Dia Nacional do Sistema Braille
04,09,ğŸ“š,Dia Nacional da Biblioteca
04,09,ğŸ”©,Dia Nacional do AÃ§o
04,10,ğŸ”§,Dia da Engenharia
04,10,âš™ï¸,Dia do Engenheiro Metalurgista
04,10,ğŸ–ï¸,Dia do Engenheiro Militar
04,10,ğŸŒ¿,Dia Mundial da Homeopatia
04,11,ğŸ¥,Dia da Escola de Samba
04,11,ğŸ©º,Dia do Infectologista
04,11,ğŸ§ ,Dia Mundial de ConscientizaÃ§Ã£o da DoenÃ§a de Parkinson
04,12,ğŸ‘¶,Dia do Obstetra
04,12,ğŸš€,Dia Internacional do Voo Espacial Tripulado
04,12,ğŸ˜‚,Dia Nacional do Humorista
04,13,ğŸ‚,AniversÃ¡rio de Fortaleza
04,13,ğŸ’‹,Dia do Beijo
04,13,ğŸ¶,Dia do Hino Nacional Brasileiro
04,13,ğŸ‘¦,Dia do Jovem
04,13,ğŸ’¼,Dia do Office-Boy
04,13,ğŸ™,Domingo de Ramos
04,14,â˜ï¸,Dia de Olhar para o CÃ©u
04,14,ğŸ©º,Dia do TÃ©cnico em ServiÃ§o de SaÃºde
04,14,ğŸ©º,Dia Mundial da DoenÃ§a de Chagas
04,14,â˜•,Dia Mundial do CafÃ©
04,14,ğŸ§ ,Dia Nacional do NeurocirurgiÃ£o
04,14,ğŸŒ,Dia Pan-Americano
04,15,ğŸ”«,Dia do Desarmamento Infantil
04,15,ğŸ¨,Dia Mundial da Arte
04,15,âœï¸,Dia Mundial do Desenhista
04,15,ğŸŒ,Dia Nacional da ConservaÃ§Ã£o do Solo
04,16,ğŸ˜´,Dia de Trabalhar de Pijama
04,16,ğŸ›,Dia do SacerdÃ³cio
04,16,ğŸ¤,Dia Mundial da Voz
04,17,ğŸ©¼,Dia Mundial da Hemofilia
04,17,ğŸ©º,Dia Mundial do HemofÃ­lico
04,17,ğŸŒ±,Dia Nacional da BotÃ¢nica
04,17,ğŸŒ¾,Dia Nacional de Luta pela Reforma AgrÃ¡ria
04,17,ğŸ™,Quinta-feira Santa
04,18,ğŸ“–,Dia de Monteiro Lobato
04,18,ğŸ¤,Dia do Amigo
04,18,ğŸ›ï¸,Dia Internacional dos Monumentos e SÃ­tios
04,18,ğŸ“»,Dia Mundial do Radioamador
04,18,ğŸ“š,Dia Nacional do Livro Infantil
04,18,âœï¸,Sexta-feira Santa
04,19,ğŸ–ï¸,Dia do ExÃ©rcito Brasileiro
04,19,ğŸï¸,Dia dos Povos IndÃ­genas (Dia do Ãndio)
04,19,ğŸ“º,Dia Mundial dos Simpsons
04,19,ğŸ•¯ï¸,SÃ¡bado de Aleluia
04,19,ğŸ™,Santo Expedito
04,20,ğŸ‡¨ğŸ‡³,Dia da LÃ­ngua Chinesa
04,20,ğŸ—³ï¸,Dia do Diplomata
04,20,ğŸ’¿,Dia do Disco
04,20,ğŸ£,PÃ¡scoa
04,21,ğŸ‚,AniversÃ¡rio de BrasÃ­lia
04,21,ğŸŒ,Dia da Latinidade
04,21,ğŸš”,Dia da PolÃ­cia Civil
04,21,ğŸ‘®,Dia do FuncionÃ¡rio Policial Civil
04,21,ğŸ”©,Dia do MetalÃºrgico
04,21,ğŸ‘•,Dia do TÃªxtil
04,21,ğŸ’¡,Dia Mundial da Criatividade e InovaÃ§Ã£o
04,21,ğŸ‡§ğŸ‡·,Tiradentes
04,22,ğŸ–ï¸,Data Festiva da ForÃ§a AÃ©rea Brasileira
04,22,ğŸ‡§ğŸ‡·,Descobrimento do Brasil
04,22,ğŸ›©ï¸,Dia da AviaÃ§Ã£o de CaÃ§a
04,22,ğŸ¤,Dia da Comunidade Luso-Brasileira
04,22,ğŸŒ,Dia da Terra
04,22,âœˆï¸,Dia do Agente de Viagem
04,22,ğŸ¤•,Dia Nacional da Tontura
04,23,ğŸ‡ªğŸ‡¸,Dia da LÃ­ngua Espanhola
04,23,ğŸ‡¬ğŸ‡§,Dia da LÃ­ngua Inglesa
04,23,ğŸ”§,Dia do Serralheiro
04,23,âš½,Dia do Torcedor Corinthiano
04,23,ğŸ‘ƒ,Dia Internacional de Cutucar o Nariz
04,23,ğŸï¸,Dia Mundial do Escoteiro
04,23,ğŸ“š,Dia Mundial do Livro e dos Direitos de Autor
04,23,ğŸ‘‚,Dia Nacional da EducaÃ§Ã£o de Surdos
04,23,ğŸ¶,Dia Nacional do Choro
04,23,ğŸ™,SÃ£o Jorge
04,24,ğŸ‘©â€ğŸ’»,Dia das Meninas nas Tecnologias de InformaÃ§Ã£o e ComunicaÃ§Ã£o
04,24,ğŸ‚,Dia do Boi
04,24,â˜•,Dia do ChimarrÃ£o
04,24,ğŸ–,Dia do Churrasco
04,24,ğŸ”—,Dia do PenitenciÃ¡rio
04,24,âš”ï¸,Dia do Samurai
04,24,ğŸ‘·,Dia Internacional do Jovem Trabalhador
04,24,ğŸŒ½,Dia Internacional do Milho
04,24,ğŸ©º,Dia Mundial de Combate Ã  Meningite
04,24,ğŸŒ,Dia Mundial do Multilateralismo e da Diplomacia para a Paz
04,24,ğŸ«,Dia Nacional da FamÃ­lia na Escola
04,24,ğŸ¤Ÿ,Dia Nacional da LÃ­ngua Brasileira de Sinais
04,25,ğŸ’°,Dia da Contabilidade
04,25,ğŸš¢,Dia do Despachante Aduaneiro
04,25,ğŸ§¬,Dia do DNA
04,25,ğŸš«,Dia Internacional de ConsciencializaÃ§Ã£o para a AlienaÃ§Ã£o Parental
04,25,ğŸ¦Ÿ,Dia Mundial da Luta contra a MalÃ¡ria
04,25,ğŸ§,Dia Mundial do Pinguim
04,26,ğŸ¤—,Dia de AbraÃ§ar um Australiano
04,26,ğŸ’‰,Dia de PrevenÃ§Ã£o e Combate Ã  HipertensÃ£o
04,26,ğŸ¥…,Dia do Goleiro
04,26,âš–ï¸,Dia do Juiz Trabalhista
04,26,â˜¢ï¸,Dia Internacional de LembranÃ§a do Desastre de Chernobyl
04,26,ğŸ¾,Dia Mundial da Medicina VeterinÃ¡ria
04,26,ğŸ§ ,Dia Mundial da Propriedade Intelectual
04,27,ğŸ§¹,Dia da Empregada DomÃ©stica
04,27,ğŸ“¡,Dia do CÃ³digo Morse
04,27,ğŸ‘,Dia do Engraxate
04,27,ğŸ¨,Dia Mundial do Design GrÃ¡fico
04,28,ğŸ«,Dia da EducaÃ§Ã£o
04,28,ğŸ‘µ,Dia da Sogra
04,28,ğŸ›¡ï¸,Dia Mundial da SeguranÃ§a e da SaÃºde no Trabalho
04,28,ğŸŒµ,Dia Nacional da Caatinga
04,28,ğŸ•‰ï¸,Dia Nacional em MemÃ³ria das VÃ­timas de Acidentes e DoenÃ§as do Trabalho
04,29,ğŸ’ƒ,Dia Internacional da DanÃ§a
04,29,ğŸ™,Santa Catarina de Sena
04,30,ğŸš‚,Dia do FerroviÃ¡rio
04,30,ğŸ•,Dia Internacional do CÃ£o-Guia
04,30,ğŸ·,Dia Internacional do Jazz
04,30,ğŸ‘©,Dia Nacional da Mulher
05,01,ğŸ“š,Dia da Literatura Brasileira
05,01,ğŸ‘·,Dia do Trabalho
05,01,ğŸ”’,Dia Mundial da Senha
05,01,ğŸš—,Maio Amarelo | SeguranÃ§a no TrÃ¢nsito
05,01,ğŸ§ ,Maio Cinza | CÃ¢ncer Cerebral
05,01,ğŸš¨,Maio Laranja | ExploraÃ§Ã£o e Abuso Sexual Infantil
05,01,ğŸ©º,Maio Roxo | DoenÃ§as InflamatÃ³rias Intestinais
05,02,ğŸŸ,Dia Mundial do Atum
05,02,ğŸ¤,Dia Nacional da Ã‰tica
05,03,ğŸ›ï¸,Dia do Parlamento
05,03,ğŸŒ³,Dia do Pau-Brasil
05,03,ğŸ¸,Dia do Sertanejo
05,03,ğŸ“°,Dia Internacional da Liberdade de Imprensa
05,03,âœï¸,Dia Nacional do TaquÃ­grafo
05,04,â­,Dia de Star Wars
05,04,ğŸš’,Dia Internacional do Bombeiro
05,04,ğŸ”,Dia Internacional do Respeito pelas Galinhas
05,04,ğŸ˜‚,Dia Mundial do Riso
05,04,ğŸ–ï¸,Dia Nacional do ex-Combatente
05,05,ğŸ‡µğŸ‡¹,Dia da LÃ­ngua Portuguesa e da Cultura LusÃ³fona
05,05,ğŸ“¡,Dia do Marechal Rondon
05,05,ğŸ¤°,Dia Internacional da Parteira
05,05,ğŸ–ï¸,Dia Mundial de HigienizaÃ§Ã£o das MÃ£os
05,05,ğŸš—,Dia Mundial do TrÃ¢nsito e da Cortesia ao Volante
05,05,ğŸ“¡,Dia Nacional das ComunicaÃ§Ãµes
05,05,ğŸ–ï¸,Dia Nacional do ExpedicionÃ¡rio
05,05,ğŸ¤,Dia Nacional do LÃ­der ComunitÃ¡rio
05,05,ğŸ’Š,Dia Nacional sobre o Uso Racional de Medicamentos
05,06,ğŸ’ª,Dia da Coragem
05,06,â—,Dia da MatemÃ¡tica
05,06,ğŸ—ºï¸,Dia do CartÃ³grafo
05,06,ğŸ“,Dia do Engenheiro CartÃ³grafo
05,06,ğŸ§ ,Dia do Psicanalista
05,06,ğŸ½ï¸,Dia Internacional sem Dieta
05,06,ğŸ©º,Dia Mundial de Combate Ã  Asma
05,07,ğŸ‘ï¸,Dia do Oftalmologista
05,07,ğŸ¤«,Dia do SilÃªncio
05,07,âœŠ,Dia Internacional da Luta contra a Endometriose
05,07,ğŸ©º,Dia Mundial da Espondilite Anquilosante
05,07,ğŸ¤§,Dia Nacional de PrevenÃ§Ã£o da Alergia
05,08,ğŸ©º,Dia da Talassemia
05,08,ğŸ…,Dia da VitÃ³ria
05,08,ğŸ¨,Dia do Artista PlÃ¡stico
05,08,ğŸ“ˆ,Dia do Profissional de Marketing
05,08,âŒ,Dia Internacional da Cruz Vermelha
05,08,ğŸ—ï¸,Dia Mundial do CÃ¢ncer de OvÃ¡rio
05,08,ğŸ©º,Dia Nacional das Hemoglobinopatias
05,08,âœˆï¸,Dia Nacional do Turismo
05,08,ğŸ•‰ï¸,Tempo de RecordaÃ§Ã£o e ReconciliaÃ§Ã£o pelos que perderam a vida durante a Segunda Guerra Mundial dias 8 e 9 de maio
05,09,ğŸ‚,AniversÃ¡rio da FundaÃ§Ã£o de Mato Grosso
05,09,ğŸ‡ªğŸ‡º,Dia da Europa
05,09,ğŸ§¦,Dia Mundial das Meias Perdidas
05,10,ğŸ‡,Dia da Cavalaria
05,10,ğŸ‘©â€ğŸ³,Dia da Cozinheira
05,10,ğŸŒ¾,Dia do Campo
05,10,ğŸ—ºï¸,Dia do Guia de Turismo
05,10,ğŸ©º,Dia Internacional de AtenÃ§Ã£o Ã  Pessoa com LÃºpus
05,10,ğŸ¦,Dia Mundial das Aves MigratÃ³rias
05,11,ğŸ“¡,Dia da IntegraÃ§Ã£o do TelÃ©grafo no Brasil
05,11,ğŸ‘©,Dia das MÃ£es
05,11,ğŸ™,Dia do AniversÃ¡rio do Buda Shakyamuni
05,11,ğŸ¶,Dia Nacional do Reggae
05,12,ğŸ©º,Dia Internacional da Enfermagem e do Enfermeiro
05,12,ğŸŒ¿,Dia Internacional da Sanidade Vegetal
05,12,ğŸ©º,Dia Nacional de ConscientizaÃ§Ã£o e Enfrentamento da Fibromialgia
05,13,âœŠ,AboliÃ§Ã£o da Escravatura
05,13,ğŸ¤,Dia da Fraternidade
05,13,ğŸš—,Dia do AutomÃ³vel
05,13,ğŸ®,Dia do Zootecnista
05,13,ğŸ¹,Dia Mundial do Coquetel
05,13,ğŸ‘¨â€ğŸ³,Dia Nacional do Chefe de Cozinha
05,13,ğŸ™,Nossa Senhora de FÃ¡tima
05,14,ğŸ¦,Dia Continental do Seguro
05,14,ğŸ™,SÃ£o Matias
05,15,ğŸ¤,Dia do Assistente Social
05,15,ğŸ¦,Dia do Gerente BancÃ¡rio
05,15,ğŸ‘¨â€ğŸ‘©â€ğŸ‘§,Dia Internacional da FamÃ­lia
05,15,âœˆï¸,Dia Internacional do ServiÃ§o de InformaÃ§Ã£o AeronÃ¡utica
05,15,ğŸ©º,Dia Nacional de ConscientizaÃ§Ã£o da Mucopolissacaridose
05,15,ğŸ©º,Dia Nacional do Controle das InfecÃ§Ãµes Hospitalares
05,16,ğŸ§¹,Dia do Gari
05,16,ğŸ‘´,Dia do MÃ©dico Geriatra
05,16,ğŸ•Šï¸,Dia Internacional da ConvivÃªncia em Paz
05,16,ğŸ’¡,Dia Internacional da Luz
05,16,ğŸ¥–,Dia Mundial de ConscientizaÃ§Ã£o sobre a DoenÃ§a CelÃ­aca
05,17,ğŸ™,Dia de Vesak
05,17,ğŸ³ï¸â€ğŸŒˆ,Dia Internacional Contra a Homofobia
05,17,ğŸ’‰,Dia Mundial da HipertensÃ£o
05,17,ğŸ¥,Dia Mundial da Pastelaria
05,17,â™»ï¸,Dia Mundial da Reciclagem
05,17,ğŸ“¡,Dia Mundial das TelecomunicaÃ§Ãµes e da Sociedade da InformaÃ§Ã£o
05,17,ğŸ¥ƒ,Dia Mundial do Whisky
05,18,ğŸ’‰,Dia de ConscientizaÃ§Ã£o sobre a Necessidade de Vacina Contra HIV/Aids
05,18,ğŸªŸ,Dia dos Vidraceiros
05,18,ğŸ›ï¸,Dia Internacional dos Museus
05,18,ğŸ§ ,Dia Nacional da Luta Antimanicomial
05,18,ğŸš«,Dia Nacional de Combate ao Abuso e Ã  ExploraÃ§Ã£o Sexual Infantil
05,18,ğŸ¸,Dia Nacional do Cocktail
05,19,ğŸ›¡ï¸,Dia do Defensor PÃºblico
05,19,ğŸ“,Dia do Estudante de Direito
05,19,âš›ï¸,Dia do FÃ­sico
05,19,âš–ï¸,Dia dos AcadÃªmicos de Direito
05,19,ğŸ©º,Dia Mundial da DoenÃ§a InflamatÃ³ria Intestinal
05,19,ğŸ‘¨â€âš•ï¸,Dia Mundial do MÃ©dico de FamÃ­lia
05,19,ğŸ¤•,Dia Nacional de Combate Ã  Cefaleia
05,19,ğŸ¼,Dia Nacional de DoaÃ§Ã£o de Leite Humano
05,19,ğŸ™,SÃ£o Crispim de Viterbo
05,20,ğŸ‚,AniversÃ¡rio de Palmas
05,20,ğŸ‘®,Dia do ComissÃ¡rio de Menores
05,20,ğŸ«,Dia do Pedagogo
05,20,ğŸ“,Dia Mundial da Metrologia
05,20,ğŸ,Dia Mundial das Abelhas
05,20,ğŸ’Š,Dia Nacional do Medicamento GenÃ©rico
05,20,ğŸ©º,Dia Nacional do TÃ©cnico e Auxiliar de Enfermagem
05,21,ğŸ‡§ğŸ‡·,Dia da LÃ­ngua Nacional
05,21,ğŸ‘¶,Dia do Afilhado
05,21,ğŸµ,Dia Internacional do ChÃ¡
05,21,ğŸŒ,Dia Mundial da Diversidade Cultural para o DiÃ¡logo e o Desenvolvimento
05,22,ğŸ¤—,Dia do AbraÃ§o
05,22,ğŸ,Dia do Apicultor
05,22,ğŸŒ¿,Dia Internacional da Biodiversidade BiolÃ³gica
05,22,ğŸ–¤,Dia Mundial do GÃ³tico
05,22,ğŸ™,Santa Rita
05,23,ğŸ›ï¸,Dia da Juventude Constitucionalista
05,23,ğŸ¢,Dia da Tartaruga
05,23,ğŸ©º,Dia Internacional para Acabar com a FÃ­stula ObstÃ©trica
05,24,ğŸ–ï¸,Dia da Infantaria
05,24,âŒ¨ï¸,Dia do DatilÃ³grafo
05,24,ğŸ”—,Dia do Detento
05,24,ğŸ“¡,Dia do Telegrafista
05,24,ğŸ“,Dia do Vestibulando
05,24,â˜•,Dia Nacional do CafÃ©
05,24,ğŸŒ¾,Dia Nacional do CalcÃ¡rio AgrÃ­cola
05,24,ğŸï¸,Dia Nacional do Cigano
05,24,ğŸŒ½,Dia Nacional do Milho
05,25,ğŸŒ,Dia da Ãfrica
05,25,ğŸ§µ,Dia da Costureira
05,25,ğŸ­,Dia da IndÃºstria
05,25,ğŸ§£,Dia da Toalha
05,25,ğŸ’†,Dia do Massagista
05,25,ğŸ¤“,Dia do Orgulho Geek
05,25,ğŸ‘¨â€ğŸŒ¾,Dia do Trabalhador Rural
05,25,ğŸš¨,Dia Internacional das CrianÃ§as Desaparecidas
05,25,ğŸ©º,Dia Internacional da Tireoide
05,25,ğŸ’ƒ,Dia Internacional do Sapateado
05,25,ğŸ‘¶,Dia Nacional da AdoÃ§Ã£o
05,25,ğŸ’°,Dia Nacional do Respeito ao Contribuinte
05,26,ğŸ°,Dia do Revendedor LotÃ©rico
05,26,ğŸ‘ï¸,Dia Nacional de Combate ao Glaucoma
05,27,ğŸ”§,Dia do Engenheiro de Custos
05,27,ğŸ’¼,Dia do Profissional Liberal
05,27,ğŸ©º,Dia do ServiÃ§o de SaÃºde
05,27,ğŸŒ´,Dia Nacional da Mata AtlÃ¢ntica
05,28,ğŸº,Dia do Ceramista
05,28,ğŸƒ,Dia do Desafio
05,28,ğŸ”,Dia do HambÃºrguer
05,28,âœŠ,Dia Internacional de Luta pela SaÃºde da Mulher
05,28,ğŸ²,Dia Mundial do Brincar
05,28,ğŸ¤°,Dia Nacional de Luta pela ReduÃ§Ã£o da Mortalidade Materna
05,28,ğŸ™,SÃ£o Germano de Paris
05,29,ğŸ“Š,Dia do EstatÃ­stico
05,29,ğŸ—ºï¸,Dia do GeÃ³grafo
05,29,ğŸ“ˆ,Dia do Ibgeano
05,29,ğŸ›¡ï¸,Dia Internacional dos Soldados da Paz das NaÃ§Ãµes Unidas
05,29,ğŸ’¡,Dia Mundial da Energia
05,29,ğŸ½ï¸,Dia Mundial da SaÃºde Digestiva
05,29,ğŸ™,SÃ£o Maximino
05,30,ğŸ¨,Dia do Decorador
05,30,â›°ï¸,Dia do GeÃ³logo
05,30,ğŸŸ,Dia Mundial da Batata Frita
05,30,ğŸ©º,Dia Mundial da Esclerose MÃºltipla
05,30,ğŸ™,Santa Joana d'Arc
05,30,â›ª,SÃ£o Fernando
05,31,ğŸ’¼,Dia da AeromoÃ§a
05,31,ğŸ›«,Dia do Aeroporto
05,31,âœˆï¸,Dia do ComissÃ¡rio de Bordo
05,31,ğŸ™,Dia do EspÃ­rito Santo
05,31,ğŸš¬,Dia Mundial de Combate ao Fumo
05,31,ğŸš­,Dia Mundial sem Tabaco
06,01,ğŸ“°,Dia da Imprensa
06,01,ğŸ¥›,Dia Mundial do Leite
06,01,ğŸ‘¨â€ğŸ‘©â€ğŸ‘§,Dia Mundial dos Pais
06,01,ğŸŒ,Junho Verde | ProteÃ§Ã£o do Meio Ambiente
06,01,ğŸ©º,Junho Vermelho | DoaÃ§Ã£o de Sangue
06,01,ğŸ™,SÃ£o Justino
06,01,ğŸŒ¿,Semana do Meio Ambiente
06,02,ğŸƒ,Dia de Sair mais Cedo do Trabalho
06,02,ğŸ’‹,Dia Internacional da Prostituta
06,03,âš–ï¸,Dia da ConscientizaÃ§Ã£o Contra a Obesidade MÃ³rbida Infantil
06,03,ğŸ”„,Dia da RepetiÃ§Ã£o
06,03,ğŸ‘©â€ğŸ’¼,Dia do Profissional de RH
06,03,ğŸ’¼,Dia Internacional do Administrador de Pessoal e da Comunidade Social
06,03,ğŸš²,Dia Mundial da Bicicleta
06,03,ğŸŒ¿,Dia Nacional da EducaÃ§Ã£o Ambiental
06,04,ğŸ±,Dia de AbraÃ§ar seu Gato
06,04,ğŸ“,Dia do Engenheiro Agrimensor
06,04,ğŸ’¼,Dia do Gestor Comercial
06,04,ğŸš«,Dia Internacional das CrianÃ§as Inocentes VÃ­timas de AgressÃ£o
06,04,ğŸƒ,Dia Mundial da Corrida
06,04,ğŸ™,Santa Clotilde
06,05,ğŸŒ,Dia da Ecologia
06,05,ğŸ”§,Dia do Engenheiro MecÃ¢nico
06,05,ğŸ£,Dia Internacional de Luta contra a Pesca Ilegal NÃ£o Declarada e NÃ£o Regulamentada
06,05,ğŸŒ¿,Dia Mundial do Meio Ambiente
06,05,â™»ï¸,Dia Nacional da Reciclagem
06,05,ğŸ™,SÃ£o BonifÃ¡cio
06,06,ğŸ‡·ğŸ‡º,Dia da LÃ­ngua Russa
06,06,ğŸ”¥,Dia Nacional de Luta contra Queimaduras
06,06,ğŸ¦¶,Dia Nacional do Teste do Pezinho
06,06,ğŸ™,SÃ£o Norberto
06,07,ğŸ“°,Dia da Liberdade de Imprensa
06,07,ğŸ½ï¸,Dia Mundial da SeguranÃ§a dos Alimentos
06,08,ğŸ™,Dia de Pentecostes
06,08,ğŸŠ,Dia do Citricultor
06,08,ğŸŒŠ,Dia do OceanÃ³grafo
06,08,â›ª,Dia do Pastor EvangÃ©lico
06,08,ğŸŒ,Dia Mundial dos Oceanos
06,08,ğŸ™,SÃ£o Medardo
06,09,ğŸ’‰,Dia da ImunizaÃ§Ã£o
06,09,ğŸšª,Dia do Porteiro
06,09,ğŸ¾,Dia do Tenista
06,09,ğŸ“œ,Dia Internacional dos Arquivos
06,09,ğŸ‡§ğŸ‡·,Dia Nacional de Anchieta
06,10,ğŸ¯,Dia da Artilharia
06,10,ğŸ‡µğŸ‡¹,Dia de Portugal de CamÃµes e das Comunidades Portuguesas
06,11,âš“,Dia da Marinha Brasileira
06,11,ğŸ©º,Dia do Educador SanitÃ¡rio
06,11,ğŸ™,SÃ£o BarnabÃ©
06,12,âœˆï¸,Dia do Correio AÃ©reo Nacional
06,12,â™Ÿï¸,Dia do Enxadrista
06,12,ğŸ’•,Dia dos Namorados
06,12,ğŸš«,Dia Mundial de Combate ao Trabalho Infantil
06,12,ğŸ™,SÃ£o Gaspar de BÃºfalo
06,13,âœˆï¸,Dia do Turista
06,13,ğŸ§¬,Dia Internacional de ConscientizaÃ§Ã£o sobre o Albinismo
06,13,ğŸ™,Santo AntÃ´nio
06,14,ğŸ¸,Dia do Solista
06,14,ğŸ©º,Dia Mundial do Doador de Sangue
06,14,ğŸ•‰ï¸,Dia Universal de Deus
06,15,ğŸ‚,AniversÃ¡rio da EmancipaÃ§Ã£o do Acre
06,15,ğŸš«,Dia Mundial da ConsciencializaÃ§Ã£o da ViolÃªncia contra a Pessoa Idosa
06,15,ğŸ’¨,Dia Mundial do Vento
06,16,ğŸ‘¶,Dia Internacional da CrianÃ§a Africana
06,16,ğŸ’¸,Dia Internacional das Remessas Familiares
06,16,ğŸ¢,Dia Internacional da Tartaruga Marinha
06,16,ğŸ™,SÃ£o Francisco RÃ©gis
06,17,ğŸ¾,Dia da Medicina VeterinÃ¡ria Militar
06,17,ğŸ‘´,Dia do FuncionÃ¡rio PÃºblico Aposentado
06,17,ğŸŒ¿,Dia do Gestor Ambiental
06,17,ğŸŒ,Dia Mundial de Combate Ã  DesertificaÃ§Ã£o e Ã  Seca
06,17,ğŸ¥‹,Dia Mundial do KaratÃª
06,18,ğŸ½ï¸,Dia da Gastronomia SustentÃ¡vel
06,18,ğŸ‡¯ğŸ‡µ,Dia da ImigraÃ§Ã£o Japonesa
06,18,ğŸ§©,Dia do Orgulho Autista
06,18,âš—ï¸,Dia do QuÃ­mico
06,19,ğŸ™,Corpus Christi
06,19,ğŸ¬,Dia do Cinema Brasileiro
06,19,ğŸ§³,Dia do Migrante
06,19,ğŸš«,Dia Internacional para EliminaÃ§Ã£o da ViolÃªncia Sexual em Conflito
06,19,ğŸ©º,Dia Mundial de ConscientizaÃ§Ã£o sobre a DoenÃ§a Falciforme
06,19,ğŸ˜¢,Dia Nacional do Luto
06,19,ğŸ™,SÃ£o Romualdo
06,20,âš–ï¸,Dia do Advogado Trabalhista
06,20,ğŸ§³,Dia do Refugiado
06,20,ğŸ›’,Dia do Revendedor
06,20,ğŸ›¡ï¸,Dia do Vigilante
06,20,â„ï¸,InÃ­cio do Inverno (SolstÃ­cio de Inverno)
06,20,â°,Ponto Facultativo (dia seguinte ao Corpus Christi)
06,21,ğŸ¤,Dia do Aperto de MÃ£o
06,21,ğŸ“š,Dia do Intelectual
06,21,ğŸ“º,Dia do MÃ­dia
06,21,ğŸ’¼,Dia do Profissional de MÃ­dia
06,21,ğŸ§˜,Dia Internacional do Yoga
06,21,ğŸ¦’,Dia Mundial da Girafa
06,21,ğŸ›¹,Dia Mundial do Skate
06,21,ğŸ©º,Dia Nacional de Controle da Asma
06,21,âœŠ,Dia Nacional de Luta Contra a Esclerose Lateral AmiotrÃ³fica (ELA)
06,21,ğŸ™,SÃ£o LuÃ­s Gonzaga
06,22,ğŸ¶,Dia de Levar o Cachorro para o Trabalho
06,22,âœˆï¸,Dia do AeroviÃ¡rio
06,22,ğŸ¦,Dia do EconomiÃ¡rio
06,22,ğŸŒº,Dia do OrquidÃ³filo
06,23,ğŸŒ,Dia das NaÃ§Ãµes Unidas para o ServiÃ§o PÃºblico
06,23,ğŸ‹ï¸,Dia do Atleta OlÃ­mpico
06,23,ğŸ‘¨â€ğŸŒ¾,Dia do Lavrador
06,23,ğŸ‘©â€ğŸ”§,Dia Internacional das Mulheres na Engenharia
06,23,ğŸ‘µ,Dia Internacional das ViÃºvas
06,23,ğŸ…,Dia Mundial do Desporto OlÃ­mpico
06,23,ğŸš¢,Dia Nacional do Agente MarÃ­timo
06,23,ğŸ™,SÃ£o JosÃ© Cafasso
06,24,ğŸ‡¬ğŸ‡§,Dia da Comunidade BritÃ¢nica
06,24,ğŸ–¨ï¸,Dia da IndÃºstria GrÃ¡fica
06,24,ğŸš”,Dia da PolÃ­cia Militar
06,24,ğŸ”¥,Dia de SÃ£o JoÃ£o
06,24,ğŸï¸,Dia do Caboclo
06,24,ğŸ›¸,Dia do Disco Voador
06,24,âœˆï¸,Dia do Observador AÃ©reo
06,24,ğŸ¥›,Dia Internacional do Leite
06,24,ğŸ‘½,Dia Mundial da Ufologia
06,24,ğŸŒ²,Dia Nacional da AraucÃ¡ria
06,25,ğŸ‘‚,Dia do Cotonete
06,25,ğŸ§³,Dia do Imigrante
06,25,âš“,Dia Mundial do Marinheiro
06,25,ğŸ©º,Dia Mundial do Vitiligo
06,26,ğŸ“,Dia do Metrologista
06,26,ğŸš«,Dia Internacional contra o Abuso e TrÃ¡fico IlÃ­cito de Drogas
06,26,ğŸ›¡ï¸,Dia Internacional de Apoio Ã s VÃ­timas de Tortura
06,26,ğŸ©º,Dia Nacional do Diabetes
06,27,ğŸ¢,Dia Internacional das Micro Pequenas e MÃ©dias Empresas
06,27,ğŸš€,Dia Nacional do Progresso
06,27,ğŸ‰,Dia Nacional do Quadrilheiro Junino
06,27,ğŸ½ï¸,Dia Nacional do TÃ©cnico em NutriÃ§Ã£o e DietÃ©tica
06,27,ğŸ,Dia Nacional do VÃ´lei
06,27,ğŸ™,Nossa Senhora do PerpÃ©tuo Socorro
06,28,ğŸ•‰ï¸,Dia da RenovaÃ§Ã£o Espiritual
06,28,ğŸ³ï¸â€ğŸŒˆ,Dia Internacional do Orgulho LGBT
06,28,ğŸ™,Santo Irineu
06,29,ğŸ™ï¸,Dia do Dublador
06,29,ğŸ›¢ï¸,Dia do Engenheiro de PetrÃ³leo
06,29,â›ª,Dia do Papa
06,29,ğŸ£,Dia do Pescador
06,29,ğŸŸ,Dia do Pescador Amador
06,29,ğŸ“,Dia do Telefonista
06,29,ğŸŒ´,Dia Internacional dos TrÃ³picos
06,29,âœˆï¸,Dia Nacional da AviaÃ§Ã£o de SeguranÃ§a PÃºblica do Brasil
06,29,ğŸ™,SÃ£o Pedro e SÃ£o Paulo
06,30,ğŸ“±,Dia da MÃ­dia Social
06,30,â˜„ï¸,Dia Internacional do Asteroide
06,30,ğŸ›ï¸,Dia Internacional do Parlamentarismo
06,30,ğŸ­,Dia Nacional do Bumba Meu Boi
06,30,ğŸšœ,Dia Nacional do Fiscal Federal AgropecuÃ¡rio
07,01,ğŸ’‰,Dia da Vacina BCG
07,01,ğŸ›ï¸,Dia Mundial da Arquitetura
07,01,ğŸ©º,Julho Amarelo | Hepatites Virais
07,01,ğŸ—ï¸,Julho Verde | CÃ¢ncer de CabeÃ§a e PescoÃ§o
07,01,ğŸ™,Santo AarÃ£o
07,02,ğŸš’,Dia do Bombeiro Brasileiro
07,02,ğŸ¥,Dia do Hospital
07,02,ğŸ‡§ğŸ‡·,IndependÃªncia da Bahia
07,03,ğŸ›ï¸,Dia Internacional sem Sacos PlÃ¡sticos
07,03,ğŸš«,Dia Nacional de Combate Ã  DiscriminaÃ§Ã£o Racial
07,03,ğŸ™,SÃ£o TomÃ©
07,04,ğŸ‡ºğŸ‡¸,Dia da IndependÃªncia dos Estados Unidos
07,04,ğŸ³,Dia de Fritar Ovos na CalÃ§ada
07,04,ğŸ“,Dia do Operador de Telemarketing
07,04,ğŸ™,Santa Isabel
07,05,ğŸ¤,Dia Internacional do Cooperativismo
07,05,ğŸ‘™,Dia Mundial do BiquÃ­ni
07,06,ğŸ“Š,Dia da criaÃ§Ã£o do IBGE
07,06,ğŸŒ¾,Dia de Construir um Espantalho
07,06,ğŸ’»,Dia de Levar o seu Webmaster para AlmoÃ§ar
07,06,ğŸ©º,Dia Mundial das Zoonoses
07,06,ğŸ™,Santa Maria Goretti
07,07,ğŸ«,Dia Mundial do Chocolate
07,08,ğŸ‚,AniversÃ¡rio de Ouro Preto
07,08,ğŸ¥,Dia do Panificador
07,08,ğŸ¤§,Dia Mundial da Alergia
07,08,ğŸ”¬,Dia Nacional da CiÃªncia e do Pesquisador
07,09,ğŸ‚,AniversÃ¡rio de Boa Vista
07,09,âœŠ,Dia da RevoluÃ§Ã£o Constitucionalista
07,09,ğŸ©º,Dia do MÃ©dico Oncologista
07,10,ğŸ•,Dia da Pizza
07,10,ğŸ‘ï¸,Dia da SaÃºde Ocular
07,10,â›ï¸,Dia do Engenheiro de Minas
07,10,âš–ï¸,Dia Mundial da Lei
07,11,ğŸŒ,Dia Mundial da PopulaÃ§Ã£o
07,11,ğŸš‘,Dia Nacional do Socorrista
07,12,ğŸŒ³,Dia do Engenheiro Florestal
07,12,ğŸ¶,Dia Nacional do Funk
07,13,ğŸ¤,Dia do Cantor
07,13,ğŸ”§,Dia do Engenheiro de Saneamento
07,13,ğŸµ,Dia dos Compositores e Cantores Sertanejos
07,13,ğŸ¸,Dia Mundial do Rock
07,14,ğŸ§ ,Dia da Liberdade de Pensamento
07,14,ğŸ¥,Dia do Administrador Hospitalar
07,14,ğŸŸ,Dia do Engenheiro de Aquicultura
07,14,ğŸ’Š,Dia do Propagandista de LaboratÃ³rio
07,14,ğŸ™,SÃ£o Camilo
07,15,ğŸ‘¨,Dia do Homem
07,15,ğŸŒ,Dia Mundial das Habilidades dos Jovens
07,15,ğŸ„,Dia Nacional do Pecuarista
07,15,ğŸ›ï¸,Dia Nacional dos Clubes
07,16,ğŸ›’,Dia do Comerciante
07,16,ğŸ,Dia Mundial da Cobra
07,16,ğŸ™,Nossa Senhora do Carmo
07,17,ğŸŒ³,Dia de ProteÃ§Ã£o Ã s Florestas
07,17,ğŸŒ¿,Dia do Curupira
07,17,ğŸ˜€,Dia Mundial do Emoji
07,18,ğŸ¶,Dia do Trovador
07,18,ğŸŒ,Dia Internacional de Nelson Mandela
07,18,ğŸ‘‚,Dia Mundial da Escuta
07,18,ğŸ™,SÃ£o Francisco Solano
07,19,ğŸ¤,Dia da Caridade
07,19,ğŸ˜›,Dia de Mostrar a LÃ­ngua
07,19,âš½,Dia Nacional do Futebol
07,19,ğŸ™,SÃ£o SÃ­maco
07,20,ğŸŒ•,Chegada do Homem Ã  Lua
07,20,ğŸ¤,Dia do Amigo e Internacional da Amizade
07,20,â™Ÿï¸,Dia Internacional do Xadrez
07,20,ğŸª,Dia Nacional do Biscoito
07,20,ğŸ”§,Dia Pan-americano do Engenheiro
07,21,â›ï¸,Dia Nacional do Garimpeiro
07,22,ğŸ¤,Dia do Cantor LÃ­rico
07,22,ğŸ§ ,Dia Mundial do CÃ©rebro
07,22,ğŸ™,Santa Maria Madalena
07,23,ğŸš“,Dia do Guarda RodoviÃ¡rio
07,23,ğŸ™,Santa BrÃ­gida
07,24,ğŸ¹,Dia da Tequila
07,24,ğŸ©º,Dia Internacional do Autocuidado
07,24,ğŸ–,Dia Nacional do Suinocultor
07,24,ğŸ™,SÃ£o Charbel Makhlouf
07,25,ğŸ‡©ğŸ‡ª,Dia da ImigraÃ§Ã£o AlemÃ£ no Brasil
07,25,ğŸ‘©,Dia da Mulher Negra Latina e Caribenha
07,25,ğŸ‘¨â€ğŸŒ¾,Dia do Colono
07,25,âœï¸,Dia do Escritor
07,25,ğŸš—,Dia do Motorista
07,25,ğŸŠ,Dia Mundial de PrevenÃ§Ã£o do Afogamento
07,25,ğŸ™,SÃ£o CristÃ³vÃ£o
07,25,â›ª,SÃ£o Tiago Maior
07,26,ğŸ‘µ,Dia da VovÃ³
07,26,ğŸ’¼,Dia do Recepcionista
07,26,ğŸ‘´,Dia dos AvÃ³s
07,26,ğŸŒ¿,Dia Mundial de ProteÃ§Ã£o aos Manguezais
07,26,ğŸ—¿,Dia Nacional do ArqueÃ³logo
07,27,ğŸŒ±,Dia de Levar suas Plantas para Passear
07,27,ğŸï¸,Dia do Motociclista
07,27,ğŸ‘¶,Dia do Pediatra
07,27,ğŸ—ï¸,Dia Mundial de ConscientizaÃ§Ã£o e Combate ao CÃ¢ncer de CabeÃ§a e PescoÃ§o
07,27,ğŸš¨,Dia Nacional da PrevenÃ§Ã£o de Acidentes do Trabalho
07,27,ğŸ™,SÃ£o PantaleÃ£o de NicomÃ©dia
07,28,ğŸ‘¨â€ğŸŒ¾,Dia do Agricultor
07,28,ğŸ©º,Dia Mundial de Luta Contra as Hepatites Virais
07,29,ğŸ…,Dia Internacional do Tigre
07,29,ğŸ™,Santa Marta
07,30,ğŸ©º,Dia do CirurgiÃ£o Geral
07,30,ğŸ¤,Dia Internacional da Amizade
07,30,ğŸš«,Dia Mundial contra o TrÃ¡fico de Pessoas
07,30,ğŸ§µ,Dia Mundial do Bordado
07,30,ğŸ™,SÃ£o Pedro CrisÃ³logo
07,31,ğŸ’¦,Dia do Orgasmo
07,31,ğŸŒ¿,Dia Mundial do Guarda-Florestal
07,31,ğŸ™,Santo InÃ¡cio de Loyola
08,01,ğŸ¼,Agosto Dourado | Aleitamento Materno
08,01,ğŸ©º,Agosto Verde-Claro | Linfoma
08,01,ğŸŒ¾,Dia do Cerealista
08,01,ğŸº,Dia Internacional da Cerveja
08,01,ğŸ¼,Dia Mundial da AmamentaÃ§Ã£o
08,01,ğŸ—ï¸,Dia Mundial do CÃ¢ncer de PulmÃ£o
08,01,ğŸ“¬,Dia Nacional do Selo
08,01,ğŸ©º,Dia Nacional dos Portadores de Vitiligo
08,01,ğŸ¤±,Semana Mundial da AmamentaÃ§Ã£o (de 1 a 7)
08,02,ğŸ™,Santo EusÃ©bio de Vercelli
08,03,ğŸ¥‹,Dia do Capoeirista
08,03,âœŠ,Dia do Fim da Censura no Brasil
08,03,ğŸ¨,Dia do Tintureiro
08,03,ğŸ™,Santa LÃ­dia
08,04,â›ª,Dia do Padre
08,04,ğŸ™,Dia do Sacerdote
08,04,ğŸ™,SÃ£o JoÃ£o Maria Vianney
08,05,ğŸ‚,AniversÃ¡rio da FundaÃ§Ã£o da ParaÃ­ba
08,05,ğŸ‚,AniversÃ¡rio de JoÃ£o Pessoa
08,05,ğŸ©º,Dia do MÃ©dico Patologista
08,05,ğŸ’Š,Dia Nacional da FarmÃ¡cia
08,05,ğŸ©º,Dia Nacional da SaÃºde
08,05,ğŸ›¡ï¸,Dia Nacional da VigilÃ¢ncia SanitÃ¡ria
08,05,ğŸ™,Nossa Senhora das Neves
08,05,ğŸ™,Santo Osvaldo de NortÃºmbria
08,06,ğŸï¸,Dia Interamericano do Escotista
08,06,ğŸ‘©â€ğŸ«,Dia Nacional dos Profissionais da EducaÃ§Ã£o
08,06,ğŸ™,SÃ£o Salvador do Mundo
08,07,ğŸ‚,AniversÃ¡rio do Rio Grande do Norte
08,07,ğŸ¥,Dia Nacional do DocumentÃ¡rio Brasileiro
08,07,ğŸ™,SÃ£o Caetano
08,08,ğŸ’¨,Dia Interamericano da Qualidade do Ar
08,08,ğŸ©º,Dia Nacional de Combate ao Colesterol
08,08,ğŸ™,SÃ£o Domingos de GusmÃ£o
08,09,ğŸï¸,Dia Internacional dos Povos IndÃ­genas
08,09,ğŸ´,Dia Nacional da Equoterapia
08,10,ğŸ˜´,Dia da PreguiÃ§a
08,10,ğŸ¤,Dia da Solidariedade CristÃ£
08,10,ğŸ‘¨,Dia dos Pais
08,10,â›½,Dia Internacional do Biodiesel
08,10,ğŸ™,SÃ£o LourenÃ§o
08,11,ğŸ“º,Dia da TelevisÃ£o
08,11,âš–ï¸,Dia do Advogado
08,11,ğŸ“,Dia do Estudante
08,11,ğŸ½ï¸,Dia do GarÃ§om
08,11,ğŸ‘¨â€âš–ï¸,Dia do Magistrado
08,11,ğŸ“,Dia do MÃ©dico Acupunturista
08,11,ğŸ§ ,Dia Internacional da Logosofia
08,11,ğŸ™,Santa Clara de Assis
08,12,ğŸ‘¦,Dia Internacional da Juventude
08,12,ğŸ˜,Dia Mundial do Elefante
08,12,ğŸ¨,Dia Nacional das Artes
08,12,âš–ï¸,Dia Nacional dos Direitos Humanos
08,13,âœ‹,Dia do Canhoto
08,13,ğŸ’°,Dia do Economista
08,13,ğŸ©º,Dia do MÃ©dico Psiquiatra
08,13,ğŸ™,SÃ£o Ponciano e Santo HipÃ³lito
08,14,ğŸ¤,Dia da Unidade Humana
08,14,â¤ï¸,Dia do Cardiologista
08,14,ğŸ­,Dia do Controle da PoluiÃ§Ã£o Industrial
08,14,ğŸ™,SÃ£o Maximiliano
08,15,ğŸ™,AssunÃ§Ã£o de Nossa Senhora
08,15,ğŸ‡¨ğŸ‡³,Dia da ImigraÃ§Ã£o Chinesa no Brasil
08,15,ğŸ’»,Dia da InformÃ¡tica
08,15,ğŸ©º,Dia do MÃ©dico Angiologista e CirurgiÃ£o Vascular
08,15,ğŸ’ƒ,Dia dos Solteiros
08,15,ğŸ¥,Dia Nacional das Santas Casas de MisericÃ³rdia
08,15,ğŸ™,SÃ£o TarcÃ­sio
08,16,ğŸ‚,AniversÃ¡rio de Teresina
08,16,ğŸ˜‚,Dia de Contar uma Piada
08,16,ğŸ“¦,Dia do Auxiliar de Almoxarifado
08,16,ğŸ§ ,Dia do FilÃ³sofo
08,16,ğŸ™,SÃ£o Roque
08,17,ğŸ§€,Dia do PÃ£o de Queijo
08,17,ğŸ›ï¸,Dia do PatrimÃ´nio HistÃ³rico
08,17,ğŸ—ï¸,Dia Nacional da ConstruÃ§Ã£o Social
08,17,ğŸ™,SÃ£o Jacinto
08,18,ğŸ“š,Dia do EstagiÃ¡rio
08,18,âœŠ,Dia do Nunca Desista
08,18,ğŸ•‰ï¸,Dia Mundial da LibertaÃ§Ã£o Humana
08,18,ğŸŒ¾,Dia Nacional do Campo Limpo
08,18,ğŸ™,Santa Helena
08,19,âš–ï¸,Dia da IntegraÃ§Ã£o JurÃ­dica Latino-Americana
08,19,ğŸšï¸,Dia de Luta da PopulaÃ§Ã£o em SituaÃ§Ã£o de Rua
08,19,ğŸ­,Dia do Artista de Teatro
08,19,ğŸ“œ,Dia do Historiador
08,19,ğŸ“¸,Dia Mundial da Fotografia
08,19,ğŸ¤,Dia Mundial HumanitÃ¡rio
08,19,âœˆï¸,Dia Nacional da AviaÃ§Ã£o AgrÃ­cola
08,19,ğŸš²,Dia Nacional do Ciclista
08,19,ğŸ™,SÃ£o JoÃ£o Eudes
08,20,ğŸ›ï¸,Dia do MaÃ§om
08,20,ğŸ¦Ÿ,Dia Mundial Contra os Mosquitos
08,20,ğŸ™,SÃ£o Bernardo
08,21,ğŸ•‰ï¸,Dia Internacional de RecordaÃ§Ã£o e Homenagem Ã s VÃ­timas do Terrorismo
08,21,ğŸ ,Dia Nacional da HabitaÃ§Ã£o
08,21,ğŸ™,SÃ£o Pio X
08,21,â™¿,Semana Nacional da Pessoa com DeficiÃªncia Intelectual e MÃºltipla
08,22,ğŸ˜‡,Dia de Ser um Anjo
08,22,ğŸ‘©â€ğŸ«,Dia do Coordenador PedagÃ³gico
08,22,ğŸ­,Dia do Folclore
08,22,ğŸ«,Dia do Supervisor Escolar
08,22,ğŸ™,Nossa Senhora Rainha
08,23,ğŸ–ï¸,Dia da IntendÃªncia
08,23,âœˆï¸,Dia do Aviador Naval
08,23,ğŸ•‰ï¸,Dia Internacional para Relembrar o TrÃ¡fico de Escravos e sua AboliÃ§Ã£o
08,23,ğŸ™,Santa Rosa de Lima
08,24,ğŸ‘¶,Dia da InfÃ¢ncia
08,24,ğŸ¶,Dia da MÃºsica Estranha
08,24,ğŸ¨,Dia do Artista
08,24,ğŸ‡ºğŸ‡¦,Dia Nacional da Comunidade Ucraniana
08,24,ğŸ™,SÃ£o Bartolomeu
08,25,âš–ï¸,Dia da Legalidade
08,25,ğŸ›’,Dia do Feirante
08,25,ğŸ–ï¸,Dia do Soldado
08,25,ğŸ«,Dia Nacional da EducaÃ§Ã£o Infantil
08,26,ğŸ‚,AniversÃ¡rio de Campo Grande
08,26,â›ª,Dia do Catequista
08,26,ğŸ‘©,Dia Internacional da Igualdade Feminina
08,26,ğŸ™,SÃ£o Zeferino
08,27,ğŸ ,Dia do Corretor de ImÃ³veis
08,27,ğŸ§ ,Dia do PsicÃ³logo
08,27,ğŸ™,Santa MÃ´nica
08,27,ğŸ™,SÃ£o Celestino I
08,28,ğŸ”,Dia da Avicultura
08,28,ğŸ–±ï¸,Dia da Corrida do Mouse
08,28,ğŸ¦,Dia dos BancÃ¡rios
08,28,ğŸš¢,Dia Nacional de Combate e PrevenÃ§Ã£o ao Escalpelamento
08,28,ğŸ¤,Dia Nacional do Voluntariado
08,28,ğŸ™,Santo Agostinho de Hipona
08,29,â˜¢ï¸,Dia Internacional contra Testes Nucleares
08,29,ğŸ®,Dia Internacional do Gamer
08,29,ğŸ³ï¸â€ğŸŒˆ,Dia Nacional da Visibilidade LÃ©sbica
08,29,ğŸš¬,Dia Nacional de Combate ao Fumo
08,29,ğŸ™,Santa Joana Maria da Cruz
08,30,ğŸš«,Dia Internacional das VÃ­timas de Desaparecimentos ForÃ§ados
08,30,ğŸ©º,Dia Nacional de ConscientizaÃ§Ã£o sobre a Esclerose MÃºltipla
08,30,ğŸ™,SÃ£o CesÃ¡rio de Arles
08,31,ğŸ¥—,Dia do Nutricionista
08,31,ğŸ“,Dia Internacional do Blog
08,31,ğŸ™,SÃ£o Raimundo Nonato
09,01,ğŸ’ƒ,Dia da Bailarina
09,01,ğŸ’ƒ Dia da Bailarina
09,01,ğŸ™ Dia de Santa Beatriz da Silva
09,01,âš½,Dia do Corinthians
09,01,âš½ Dia do Corinthians
09,01,ğŸ©º,Dia do MÃ©dico Endocrinologista
09,01,ğŸ©º Dia do MÃ©dico Endocrinologista
09,01,ğŸƒ,Dia do Profissional de EducaÃ§Ã£o FÃ­sica
09,01,ğŸ‹ï¸ Dia do Profissional de EducaÃ§Ã£o FÃ­sica
09,01,ğŸŒ Dia Mundial de OraÃ§Ã£o pelo Cuidado da CriaÃ§Ã£o
09,01,ğŸ›,Dia Mundial de OraÃ§Ã£o pelo Cuidado da CriaÃ§Ã£o
09,01,ğŸŸ¡ InÃ­cio do Setembro Amarelo | PrevenÃ§Ã£o do SuicÃ­dio (de 1 a 30)
09,01,ğŸŸ¢ InÃ­cio do Setembro Verde | DoaÃ§Ã£o de Ã“rgÃ£os (de 1 a 30)
09,01,ğŸ™,Santa Beatriz da Silva
09,01,ğŸ©º,Setembro Amarelo | PrevenÃ§Ã£o do SuicÃ­dio
09,01,ğŸŒ¿,Setembro Verde | DoaÃ§Ã£o de Ã“rgÃ£os
09,02,ğŸŒ¸ Dia de Santa DorotÃ©ia
09,02,ğŸŒº Dia do Florista
09,02,ğŸ’,Dia do Florista
09,02,ğŸ“¸,Dia do RepÃ³rter FotogrÃ¡fico
09,02,ğŸ“¸ Dia do RepÃ³rter FotogrÃ¡fico
09,02,ğŸ™,Santa DorotÃ©ia
09,03,âœŠ Dia das OrganizaÃ§Ãµes Populares
09,03,ğŸ˜ï¸,Dia das OrganizaÃ§Ãµes Populares
09,03,â›ª Dia de SÃ£o GregÃ³rio Magno
09,03,ğŸ§¬,Dia do BiÃ³logo
09,03,ğŸ§¬ Dia do BiÃ³logo
09,03,ğŸ‘® Dia do Guarda Civil
09,03,ğŸš”,Dia do Guarda Civil
09,03,ğŸ™,SÃ£o GregÃ³rio Magno
09,04,ğŸ°,Dia de Comer uma Sobremesa Extra
09,04,ğŸ‚ Dia de Comer uma Sobremesa Extra
09,04,ğŸŒ¹ Dia de Santa RosÃ¡lia
09,04,ğŸ©º,Dia Mundial da SaÃºde Sexual
09,04,â¤ï¸ Dia Mundial da SaÃºde Sexual
09,04,ğŸ¥‹,Dia Mundial do Taekwondo
09,04,ğŸ¥‹ Dia Mundial do Taekwondo
09,04,ğŸ™,Santa RosÃ¡lia
09,05,ğŸ‚,AniversÃ¡rio da EmancipaÃ§Ã£o do Amazonas
09,05,ğŸ‰ AniversÃ¡rio da EmancipaÃ§Ã£o do Amazonas
09,05,ğŸŒ³ Dia da AmazÃ´nia
09,05,ğŸŒ´,Dia da AmazÃ´nia
09,05,ğŸ§‘â€ğŸ¤â€ğŸ§‘ Dia da RaÃ§a
09,05,ğŸ‡§ğŸ‡·,Dia da RaÃ§a
09,05,â°,Dia de se Atrasar para Alguma Coisa
09,05,â° Dia de se Atrasar para Alguma Coisa
09,05,ğŸ‘¨â€ğŸ‘©â€ğŸ‘§,Dia do IrmÃ£o
09,05,ğŸ‘¨â€ğŸ‘©â€ğŸ‘§ Dia do IrmÃ£o
09,05,ğŸ’Š,Dia do Oficial de FarmÃ¡cia do Brasil
09,05,ğŸ’Š Dia do Oficial de FarmÃ¡cia do Brasil
09,05,ğŸ¤,Dia Internacional da Caridade
09,05,ğŸ¤ Dia Internacional da Caridade
09,05,ğŸ©º,Dia Nacional de ConscientizaÃ§Ã£o e DivulgaÃ§Ã£o da Fibrose CÃ­stica
09,05,ğŸ©¼ Dia Nacional de ConscientizaÃ§Ã£o e DivulgaÃ§Ã£o da Fibrose CÃ­stica
09,06,âœ‚ï¸,Dia do Alfaiate
09,06,âœ‚ï¸ Dia do Alfaiate
09,06,ğŸ’‹,Dia do Sexo
09,06,ğŸ’ Dia do Sexo
09,06,ğŸ§”,Dia Mundial da Barba
09,06,ğŸ§” Dia Mundial da Barba
09,07,ğŸ‡§ğŸ‡·,Dia da IndependÃªncia do Brasil - 7 de Setembro
09,07,ğŸ‡§ğŸ‡· Dia da IndependÃªncia do Brasil - 7 de Setembro
09,07,ğŸ‘‘ Dia de Santa Regina
09,07,ğŸ™ Dia de SÃ£o Clodoaldo
09,07,ğŸŒ¬ï¸ Dia Internacional do Ar Limpo para um CÃ©u Azul
09,07,ğŸ’¨,Dia Internacional do Ar Limpo para um CÃ©u Azul
09,07,ğŸ™,Santa Regina
09,07,ğŸ™,SÃ£o Clodoaldo
09,08,ğŸ‚,AniversÃ¡rio de SÃ£o LuÃ­s
09,08,ğŸ‰ AniversÃ¡rio de SÃ£o LuÃ­s
09,08,ğŸ‚,AniversÃ¡rio de VitÃ³ria
09,08,ğŸ‰ AniversÃ¡rio de VitÃ³ria
09,08,â›ª Dia de Nossa Senhora da Natividade
09,08,âš”ï¸ Dia de Santo Adriano
09,08,ğŸ“š,Dia Mundial da AlfabetizaÃ§Ã£o
09,08,ğŸ“š Dia Mundial da AlfabetizaÃ§Ã£o
09,08,ğŸ©º,Dia Mundial da Fibrose CÃ­stica
09,08,ğŸ©º Dia Mundial da Fibrose CÃ­stica
09,08,ğŸ©º,Dia Mundial da Fisioterapia
09,08,ğŸƒ Dia Mundial da Fisioterapia
09,08,ğŸ’Š,Dia Nacional de Luta por Medicamento
09,08,ğŸ’Š Dia Nacional de Luta por Medicamento
09,08,ğŸ™,Nossa Senhora da Natividade
09,08,ğŸ™,Santo Adriano
09,09,ğŸ’¨,Dia da Velocidade
09,09,ğŸš€ Dia da Velocidade
09,09,ğŸ’¼,Dia do Administrador
09,09,ğŸ“Š Dia do Administrador
09,09,ğŸŒ­,Dia do Cachorro-Quente
09,09,ğŸŒ­ Dia do Cachorro-Quente
09,09,ğŸ¾,Dia do MÃ©dico VeterinÃ¡rio
09,09,ğŸ¾ Dia do MÃ©dico VeterinÃ¡rio
09,09,ğŸ«,Dia Internacional para Proteger a EducaÃ§Ã£o de Ataques
09,09,ğŸ›¡ï¸ Dia Internacional para Proteger a EducaÃ§Ã£o de Ataques
09,10,ğŸ”,Dia do Gordo
09,10,ğŸ” Dia do Gordo
09,10,ğŸ§  Dia Mundial de PrevenÃ§Ã£o ao SuicÃ­dio
09,10,ğŸš«,Dia Mundial de PrevenÃ§Ã£o ao SuicÃ­dio
09,11,âš½,Dia do Ãrbitro Esportivo
09,11,âš½ Dia do Ãrbitro Esportivo
09,11,ğŸŒ¾,Dia Nacional do Cerrado
09,11,ğŸŒ¾ Dia Nacional do Cerrado
09,12,ğŸ©º,Dia do MÃ©dico Urologista
09,12,ğŸ‘¨â€âš•ï¸ Dia do MÃ©dico Urologista
09,12,ğŸ“¡,Dia do Operador de Rastreamento
09,12,ğŸ“¡ Dia do Operador de Rastreamento
09,12,ğŸ‰,Dia Nacional da RecreaÃ§Ã£o
09,12,ğŸ² Dia Nacional da RecreaÃ§Ã£o
09,13,â›ª Dia de SÃ£o JoÃ£o CrisÃ³stomo
09,13,ğŸŒ¾,Dia do AgrÃ´nomo
09,13,ğŸŒ¾ Dia do AgrÃ´nomo
09,13,ğŸ’» Dia do Programador
09,13,ğŸ©º,Dia Mundial da Sepse
09,13,ğŸ©º Dia Mundial da Sepse
09,13,ğŸ¹ Dia Nacional da CachaÃ§a
09,13,ğŸ¥ƒ,Dia Nacional da CachaÃ§a
09,13,â˜¢ï¸,Dia Nacional de Luta dos Acidentados por Fontes Radioativas
09,13,âš ï¸ Dia Nacional de Luta dos Acidentados por Fontes Radioativas
09,13,ğŸ™,SÃ£o JoÃ£o CrisÃ³stomo
09,14,âœï¸ Dia da Cruz
09,14,ğŸ¶ Dia do Frevo
09,15,ğŸ™ Dia de Nossa Senhora das Dores
09,15,ğŸ›ï¸ Dia do Cliente
09,15,ğŸµ Dia do Musicoterapeuta
09,15,ğŸ—³ï¸ Dia Internacional da Democracia
09,15,ğŸ©º Dia Mundial de ConscientizaÃ§Ã£o sobre Linfomas
09,16,ğŸ‰ AniversÃ¡rio da EmancipaÃ§Ã£o de Alagoas
09,16,â›ª Dia de SÃ£o Cipriano
09,16,ğŸšš Dia do Caminhoneiro
09,16,ğŸŒ Dia Internacional para a PreservaÃ§Ã£o da Camada de OzÃ´nio
09,16,ğŸ©º Dia Nacional de Combate e PrevenÃ§Ã£o Ã  Trombose
09,17,ğŸŒ Dia da CompreensÃ£o Mundial
09,17,ğŸ©º Dia Mundial da SeguranÃ§a do Paciente
09,17,ğŸš› Dia Nacional do Transportador RodoviÃ¡rio de Carga
09,18,ğŸ‡§ğŸ‡· Dia dos SÃ­mbolos Nacionais
09,18,âš–ï¸ Dia Internacional da Igualdade Salarial
09,18,ğŸ‘ï¸ Dia Nacional de ConscientizaÃ§Ã£o e Incentivo ao DiagnÃ³stico Precoce do Retinoblastoma
09,18,ğŸ“º Dia Oficial da TelevisÃ£o
09,19,ğŸ´â€â˜ ï¸ Dia de Falar como um Pirata
09,19,â›ª Dia de SÃ£o JanuÃ¡rio
09,19,ğŸ›’ Dia do Comprador
09,19,ğŸ¦´ Dia do Ortopedista
09,19,ğŸ Dia Internacional de AtenÃ§Ã£o aos Acidentes OfÃ­dicos
09,19,ğŸ’§ Dia Mundial pela Limpeza da Ãgua
09,19,ğŸ‘©â€ğŸ« Dia Nacional do Educador Social
09,19,ğŸ­ Dia Nacional do Teatro
09,20,ğŸ¥ Dia do Baterista
09,20,ğŸ§ª Dia do Engenheiro QuÃ­mico
09,20,ğŸ‘· Dia do FuncionÃ¡rio Municipal
09,20,ğŸ©º Dia Mundial do Doador de Medula Ã“ssea
09,20,ğŸ¤  RevoluÃ§Ã£o Farroupilha (Dia do GaÃºcho)
09,21,ğŸŒ³ Dia da Ãrvore
09,21,â›ª Dia de SÃ£o Mateus
09,21,ğŸ‘¶ Dia do Adolescente
09,21,ğŸ‘¨â€ğŸŒ¾ Dia do Fazendeiro
09,21,ğŸ‘¨â€ğŸ‘©â€ğŸ‘§â€ğŸ‘¦ Dia dos Tios: Dia da Tia e Dia do Tio
09,21,â˜®ï¸ Dia Internacional da Paz
09,21,ğŸ§  Dia Mundial da DoenÃ§a de Alzheimer
09,21,ğŸ™ Dia Mundial da GratidÃ£o
09,21,ğŸ©º Dia Nacional de ConscientizaÃ§Ã£o da DoenÃ§a de Alzheimer
09,21,â™¿ Dia Nacional de Luta da Pessoa com DeficiÃªncia
09,22,ğŸŒ Dia da Banana
09,22,ğŸ‘©â€ğŸ¤ Dia da Juventude do Brasil
09,22,â›ª Dia de SÃ£o MaurÃ­cio
09,22,ğŸ’° Dia do Contador
09,22,ğŸ©º Dia Mundial da Leucemia Mieloide CrÃ´nica
09,22,ğŸš¶ Dia Mundial Sem Carro
09,22,ğŸ©º Dia Nacional da SaÃºde de Adolescentes e Jovens
09,22,ğŸ¾ Dia Nacional de Defesa da Fauna
09,22,ğŸƒâ€â™‚ï¸ Dia Nacional do Atleta ParalÃ­mpico
09,22,ğŸŒ¸ InÃ­cio da Primavera
09,23,ğŸ§˜ Dia de Combate ao Estresse
09,23,ğŸ‘¨â€ğŸ‘©â€ğŸ‘§ Dia dos Filhos
09,23,ğŸ”¨ Dia do Soldador
09,23,ğŸ¦ Dia do Sorvete
09,23,ğŸ¢ Dia do TÃ©cnico em EdificaÃ§Ãµes
09,23,ğŸ”§ Dia do TÃ©cnico Industrial
09,23,ğŸš¨ Dia Internacional Contra a ExploraÃ§Ã£o Sexual e o TrÃ¡fico de Mulheres e CrianÃ§as
09,23,ğŸ¤Ÿ Dia Internacional das LÃ­nguas de Sinais
09,23,ğŸ‘· Dia Nacional dos Profissionais de NÃ­vel TÃ©cnico
09,24,ğŸï¸ Dia do Mototaxista (SP)
09,25,ğŸ™ï¸ Dia da RadiodifusÃ£o
09,25,ğŸ“» Dia do RÃ¡dio
09,25,ğŸ’Š Dia Internacional do FarmacÃªutico
09,25,âš“ Dia MarÃ­timo Mundial
09,25,ğŸ« Dia Mundial do PulmÃ£o
09,25,ğŸ’¤ Dia Mundial do Sonho
09,25,ğŸš¦ Dia Nacional do TrÃ¢nsito
09,26,ğŸ‘¨â€ğŸ‘©â€ğŸ‘§ Dia dos Primos
09,26,ğŸŒ Dia Interamericano das RelaÃ§Ãµes PÃºblicas
09,26,â˜¢ï¸ Dia Internacional para a EliminaÃ§Ã£o Total das Armas Nucleares
09,26,ğŸ©º Dia Mundial da ContracepÃ§Ã£o
09,26,ğŸ‘‚ Dia Nacional dos Surdos
09,27,â›ª Dia de SÃ£o Cosme e DamiÃ£o
09,27,ğŸ”§ Dia do Encanador
09,27,ğŸ° Dia Internacional do Coelho
09,27,âœˆï¸ Dia Mundial do Turismo
09,27,ğŸ©º Dia Nacional de DoaÃ§Ã£o de Ã“rgÃ£os
09,27,ğŸ™ Dia Nacional dos Vicentinos
09,27,ğŸ§³ Dia Nacional do TurismÃ³logo e dos Profissionais do Turismo
09,28,â“ Dia de Fazer Perguntas Tontas
09,28,â›ª Dia de SÃ£o Venceslau
09,28,âš“ Dia do HidrÃ³grafo
09,28,ğŸŒ Dia Internacional do Acesso Universal Ã  InformaÃ§Ã£o
09,28,ğŸ¶ Dia Mundial de Luta contra a Raiva
09,28,ğŸŒŠ Dia Mundial dos Rios
09,29,ğŸ‘¼ Dia de SÃ£o Gabriel Arcanjo
09,29,ğŸ‘¼ Dia de SÃ£o Miguel Arcanjo
09,29,ğŸ‘¼ Dia de SÃ£o Rafael Arcanjo
09,29,ğŸ“¢ Dia do Anunciante
09,29,ğŸ½ï¸ Dia Internacional de ConscientizaÃ§Ã£o sobre Perda e DesperdÃ­cio de Alimentos
09,29,â¤ï¸ Dia Mundial do CoraÃ§Ã£o
09,29,â›½ Dia Mundial do PetrÃ³leo
09,30,ğŸ“– Dia da BÃ­blia CatÃ³lica
09,30,ğŸ‘©â€ğŸ’¼ Dia da SecretÃ¡ria
09,30,ğŸŒ Dia Internacional da TraduÃ§Ã£o
09,30,ğŸ™ï¸ Dia Internacional do Podcast
09,30,ğŸŒ Dia Mundial do Tradutor
09,30,ğŸ“° Dia Nacional do Jornaleiro
10,01,ğŸ™ Dia de Santa Teresinha
10,01,âœ¡ï¸ Dia de Yom Kipur
10,01,ğŸ¤ Dia do Representante Comercial
10,01,ğŸ’¼ Dia do Vendedor
10,01,ğŸ—³ï¸ Dia do Vereador
10,01,ğŸ¶ Dia Internacional da MÃºsica
10,01,ğŸ‘´ Dia Internacional das Pessoas Idosas
10,01,â˜• Dia Internacional do CafÃ©
10,01,ğŸ©º Dia Mundial da UrticÃ¡ria
10,01,ğŸ¥• Dia Mundial do Vegetarianismo
10,01,ğŸ‘µ Dia Nacional do Idoso
10,01,ğŸ€ InÃ­cio do Outubro Rosa | CÃ¢ncer de Mama (de 1 a 31)
10,02,ğŸ‰ AniversÃ¡rio de Porto Velho
10,02,ğŸ‘¼ Dia do Anjo da Guarda
10,02,ğŸ–ï¸ Dia do Quadro Complementar de Oficiais
10,02,â˜®ï¸ Dia Internacional da NÃ£o-ViolÃªncia
10,03,ğŸ Dia das Abelhas
10,03,âš¡ Dia do Engenheiro de Energia
10,03,â›½ Dia do PetrÃ³leo Brasileiro
10,03,ğŸ“‹ Dia do Profissional de OrganizaÃ§Ã£o
10,03,ğŸ¦· Dia Mundial do Dentista
10,03,ğŸ˜Š Dia Mundial do Sorriso
10,04,ğŸŒ¿ Dia da Natureza
10,04,â›ª Dia de SÃ£o Francisco de Assis
10,04,ğŸ‘©â€âš•ï¸ Dia do Agente ComunitÃ¡rio de SaÃºde
10,04,ğŸ¹ Dia do Barman
10,04,ğŸ¶ Dia do Cachorro
10,04,ğŸ‘¨â€âš•ï¸ Dia do MÃ©dico do Trabalho
10,04,ğŸ¾ Dia dos Animais
10,04,ğŸ©º Dia Nacional dos Agentes de Combate Ã s Endemias
10,04,ğŸš€ Semana Mundial do EspaÃ§o (dias 4 a 10)
10,05,ğŸ¦ Dia da Ave
10,05,ğŸ“œ Dia da PromulgaÃ§Ã£o da ConstituiÃ§Ã£o de 1988
10,05,â›ª Dia de SÃ£o Benedito
10,05,ğŸ‘©â€ğŸ« Dia Mundial dos Professores
10,05,ğŸ¢ Dia Nacional da Micro e Pequena Empresa
10,06,â›ª Dia de SÃ£o Bruno
10,06,ğŸ’» Dia do TecnÃ³logo
10,06,â™¿ Dia Mundial da Paralisia Cerebral
10,06,ğŸ¡ Dia Mundial do Habitat
10,07,ğŸ™ Dia de Nossa Senhora do RosÃ¡rio
10,07,ğŸµ Dia do Compositor Brasileiro
10,07,ğŸ‘· Dia do Trabalho Decente
10,07,ğŸŒ¾ Dia Mundial do AlgodÃ£o
10,08,ğŸ§¸ Dia de Levar Seu Ursinho de PelÃºcia para o Trabalho ou para a Escola
10,08,ğŸŒµ Dia do Nordestino
10,08,ğŸ©º Dia Nacional de DoaÃ§Ã£o de CordÃ£o Umbilical
10,09,ğŸ”ª Dia do AÃ§ougueiro
10,09,ğŸƒ Dia do Atletismo
10,09,â“ Dia dos Eventos Curiosos
10,09,ğŸ‘ï¸ Dia Mundial da VisÃ£o
10,09,âœ‰ï¸ Dia Mundial dos Correios
10,10,â›ª Dia de SÃ£o Daniel Comboni
10,10,âš“ Dia dos Veteranos da Marinha
10,10,âš–ï¸ Dia Mundial Contra a Pena de Morte
10,10,ğŸ§  Dia Mundial da SaÃºde Mental
10,10,ğŸ¥š Dia Mundial do Ovo
10,10,ğŸš¨ Dia Nacional de Luta Contra a ViolÃªncia Ã  Mulher
10,10,ğŸ›¡ï¸ Dia Nacional de SeguranÃ§a e de SaÃºde nas Escolas
10,11,ğŸ¦ 2.Âº Dia Mundial das Aves MigratÃ³rias
10,11,ğŸ‰ AniversÃ¡rio da CriaÃ§Ã£o do Mato Grosso do Sul
10,11,â™¿ Dia do Deficiente FÃ­sico
10,11,ğŸ‘§ Dia Internacional das Meninas
10,11,ğŸ©º Dia Mundial de Cuidados Paliativos
10,11,ğŸ” Dia Nacional de PrevenÃ§Ã£o da Obesidade
10,12,ğŸŒ Descobrimento da AmÃ©rica
10,12,ğŸ‘¶ Dia das CrianÃ§as
10,12,ğŸ‘¨â€âš•ï¸ Dia do CirurgiÃ£o PediÃ¡trico
10,12,ğŸ›¡ï¸ Dia do Corretor de Seguros
10,12,ğŸŒ¾ Dia do Engenheiro AgrÃ´nomo
10,12,ğŸŒŠ Dia do Rio TietÃª
10,12,ğŸ¦´ Dia Mundial da Artrite Reumatoide
10,12,ğŸ“– Dia Nacional da Leitura
10,12,ğŸº Dia Nacional do Lobo-GuarÃ¡
10,12,ğŸ™ Nossa Senhora Aparecida
10,13,ğŸŒªï¸ Dia Internacional para a ReduÃ§Ã£o de Desastres
10,13,ğŸ©º Dia Mundial da Trombose
10,13,ğŸƒ Dia Nacional do Fisioterapeuta e do Terapeuta Ocupacional
10,14,â˜ï¸ Dia do Meteorologista
10,14,ğŸ“ Dia Mundial da NormalizaÃ§Ã£o
10,14,ğŸ„ Dia Nacional da PecuÃ¡ria
10,15,â™»ï¸ Dia do Consumo Consciente
10,15,ğŸŒ Dia do Educador Ambiental
10,15,ğŸ§  Dia do MÃ©dico Neurologista
10,15,ğŸ‘©â€ğŸ« Dia do Professor
10,15,ğŸ‘©â€ğŸŒ¾ Dia Internacional da Mulher Rural
10,15,ğŸ‘©â€ğŸŒ¾ Dia Internacional das Mulheres Rurais
10,15,ğŸ¦¯ Dia Mundial da Bengala Branca
10,15,ğŸ§¼ Dia Mundial da Lavagem das MÃ£os
10,16,â›ª Dia de SÃ£o Geraldo
10,16,ğŸ’‰ Dia do Anestesiologista
10,16,ğŸ‘¨â€ğŸ’¼ Dia do Chefe
10,16,ğŸ‘¨â€ğŸ³ Dia do Engenheiro de Alimentos
10,16,ğŸ½ï¸ Dia Mundial da AlimentaÃ§Ã£o
10,16,ğŸ¦´ Dia Mundial da Coluna
10,16,ğŸ Dia Mundial do PÃ£o
10,17,ğŸŒ¾ Dia da Agricultura
10,17,âœˆï¸ Dia da IndÃºstria AeronÃ¡utica Brasileira
10,17,ğŸ¶ Dia da MÃºsica Popular Brasileira
10,17,âœ¨ Dia de Usar Algo Chamativo
10,17,âš¡ Dia do Eletricista
10,17,ğŸ“¢ Dia do Profissional da Propaganda
10,17,ğŸŒ Dia Internacional para a ErradicaÃ§Ã£o da Pobreza
10,17,ğŸ’‰ Dia Nacional da VacinaÃ§Ã£o
10,18,â›ª Dia de SÃ£o Lucas
10,18,âš“ Dia do Estivador
10,18,ğŸ‘¨â€âš•ï¸ Dia do MÃ©dico
10,18,ğŸ¨ Dia do Pintor
10,18,ğŸŒ¸ Dia Mundial da Menopausa
10,18,ğŸ©º Dia Nacional de Combate Ã  SÃ­filis e Ã  SÃ­filis CongÃªnita
10,19,ğŸŒ™ Dia do Guarda Noturno
10,19,ğŸ’° Dia do Operador de Caixa
10,19,ğŸ‰ Dia do PiauÃ­
10,19,ğŸ’» Dia do Profissional de InformÃ¡tica
10,19,ğŸ‘©â€ğŸ’» Dia do Profissional de Tecnologia da InformaÃ§Ã£o
10,19,ğŸ€ Dia Internacional de Combate ao CÃ¢ncer de Mama
10,19,âœï¸ Dia Mundial das MissÃµes
10,19,ğŸ’¡ Dia Nacional da InovaÃ§Ã£o
10,20,ğŸ“‚ Dia do Arquivista
10,20,ğŸš‚ Dia do Maquinista
10,20,âœï¸ Dia do Poeta
10,20,ğŸ›¡ï¸ Dia do SecuritÃ¡rio
10,20,ğŸ“Š Dia Mundial da EstatÃ­stica
10,20,ğŸ¦´ Dia Mundial da Osteoporose
10,20,ğŸš« Dia Mundial de Combate ao Bullying
10,20,âœˆï¸ Dia Mundial do Controlador de TrÃ¡fego AÃ©reo
10,21,ğŸ  Dia do Economista DomÃ©stico
10,21,ğŸŒ Dia do Ecumenismo
10,21,ğŸ™ï¸ Dia do Podcast
10,21,ğŸ Dia Internacional da MaÃ§Ã£
10,21,ğŸ¥— Dia Nacional da AlimentaÃ§Ã£o na Escola
10,22,â›ª Dia de SÃ£o JoÃ£o Paulo II
10,22,ğŸ· Dia do EnÃ³logo
10,22,ğŸª‚ Dia do Paraquedista
10,22,âš¡ Dia do Protesto Mundial contra o Uso do Eletrochoque
10,22,ğŸ—£ï¸ Dia Internacional de AtenÃ§Ã£o Ã  Gagueira
10,22,ğŸ”  Dia Internacional do Caps Lock
10,23,âœˆï¸ Dia da ForÃ§a AÃ©rea Brasileira
10,23,ğŸ’¼ Dia do Aposentado do Banco Central
10,23,ğŸ›©ï¸ Dia do Aviador
10,24,ğŸ‰ AniversÃ¡rio de GoiÃ¢nia
10,24,ğŸ‰ AniversÃ¡rio de Manaus
10,24,ğŸ‡ºğŸ‡³ Dia das NaÃ§Ãµes Unidas
10,24,ğŸ’‰ Dia Mundial de Combate Ã  Poliomielite
10,24,ğŸŒ Dia Mundial do Desenvolvimento da InformaÃ§Ã£o
10,25,ğŸ—³ï¸ Dia da Democracia
10,25,â›ª Dia de SÃ£o Crispim e SÃ£o Crispiniano
10,25,â›ª Dia de SÃ£o Frei GalvÃ£o
10,25,ğŸ¸ Dia de ser Punk por um Dia
10,25,ğŸ¦· Dia do Dentista
10,25,ğŸ¢ Dia do Engenheiro Civil
10,25,ğŸ‘ Dia do Sapateiro
10,25,ğŸ­ Dia Mundial da Ã“pera
10,25,ğŸ Dia Mundial do MacarrÃ£o
10,25,ğŸ˜ Dia Nacional da SaÃºde Bucal
10,25,ğŸš« Dia Nacional de Combate ao Preconceito contra as Pessoas com Nanismo
10,26,ğŸš‡ Dia do MetroviÃ¡rio
10,26,ğŸ‘· Dia do Trabalhador da ConstruÃ§Ã£o Civil
10,27,ğŸŒ¾ Dia do Engenheiro AgrÃ­cola
10,27,ğŸ‘©â€âš•ï¸ Dia Mundial da Terapia Ocupacional
10,27,ğŸ¥ Dia Mundial do PatrimÃ´nio Audiovisual
10,27,ğŸ©º Dia Nacional de Luta pelos Direitos das Pessoas com DoenÃ§as Falciformes
10,27,ğŸ©º Dia Nacional de MobilizaÃ§Ã£o PrÃ³-SaÃºde da PopulaÃ§Ã£o Negra
10,27,â³ Ponto Facultativo (dia anterior ao Dia do Servidor PÃºblico)
10,28,âœˆï¸ Dia da Engenharia da AeronÃ¡utica
10,28,â›ª Dia de SÃ£o Judas Tadeu
10,28,âš½ Dia do Flamenguista
10,28,ğŸ‘©â€ğŸ’¼ Dia do Servidor PÃºblico
10,28,ğŸ¬ Dia Internacional da AnimaÃ§Ã£o
10,28,ğŸ¥‹ Dia Mundial do JudÃ´
10,29,ğŸ©º Dia Mundial da PsorÃ­ase
10,29,ğŸ§  Dia Mundial do AVC
10,29,ğŸ’° Dia Nacional da PrevenÃ§Ã£o da Lavagem de Dinheiro
10,29,ğŸ“š Dia Nacional do Livro
10,30,ğŸ¨ Dia da DecoraÃ§Ã£o
10,30,ğŸ½ï¸ Dia da Merendeira Escolar
10,30,ğŸ›’ Dia do Balconista
10,30,ğŸ’¼ Dia do ComerciÃ¡rio
10,30,ğŸ  Dia do Designer de Interiores
10,30,ğŸ’ª Dia do Fisiculturista
10,30,ğŸ‘©â€âš•ï¸ Dia do Ginecologista
10,30,ğŸ”« Dia do Material BÃ©lico
10,30,ğŸ©º Dia Nacional de Luta contra o Reumatismo
10,30,ğŸ‘» Noite da Geladeira Assombrada
10,31,ğŸ  Dia da Dona de Casa
10,31,â›ª Dia da Reforma Protestante
10,31,ğŸƒ Dia das Bruxas - Halloween
10,31,ğŸ‡§ğŸ‡· Dia do Saci
10,31,ğŸ’° Dia Mundial da PoupanÃ§a
10,31,ğŸŒ† Dia Mundial das Cidades
10,31,âœï¸ Dia Nacional da Poesia
10,31,ğŸ“– Dia Nacional da ProclamaÃ§Ã£o do Evangelho
11,01,â›ª Dia de Todos os Santos
11,01,ğŸ¥— Dia Mundial do Veganismo
11,01,ğŸ”µ InÃ­cio do Novembro Azul | CÃ¢ncer de PrÃ³stata (de 1 a 30)
11,01,ğŸ”µ InÃ­cio do Novembro Azul | Diabetes (de 1 a 30)
11,01,ğŸŸ£ InÃ­cio do Novembro Roxo | Prematuridade (de 1 a 30)
11,02,ğŸ’€ Dia dos Mortos
11,02,ğŸ“° Dia Internacional pelo Fim da Impunidade dos Crimes contra Jornalistas
11,02,ğŸª¦ Finados
11,03,ğŸ—³ï¸ Dia da InstituiÃ§Ã£o do Direito de Voto da Mulher
11,03,ğŸ¤” Dia do ClichÃ©
11,03,âš–ï¸ Dia Nacional do Quilo
11,04,ğŸ˜ï¸ Dia da Favela
11,04,ğŸ’¡ Dia do Inventor
11,04,ğŸ–ï¸ Dia do Oficial da Reserva (R/2)
11,05,ğŸ“š Dia da Cultura e da CiÃªncia
11,05,ğŸŒŠ Dia de AtenÃ§Ã£o Mundial para Tsunamis
11,05,â›ª Dia de SÃ£o Zacarias e Santa Isabel
11,05,ğŸ¨ Dia do Designer GrÃ¡fico
11,05,ğŸ¦· Dia do ProtÃ©tico
11,05,ğŸ“¡ Dia do Radioamador
11,05,ğŸŒ¾ Dia do TÃ©cnico AgrÃ­cola
11,05,âš¡ Dia do TÃ©cnico em EletrÃ´nica
11,05,ğŸ‡§ğŸ‡· Dia Nacional da LÃ­ngua Portuguesa
11,06,ğŸ©º Dia da MalÃ¡ria nas AmÃ©ricas
11,06,ğŸŒ Dia Internacional para a PrevenÃ§Ã£o da ExploraÃ§Ã£o do Meio Ambiente em Tempos de Guerra e Conflito Armado
11,06,âš“ Dia Nacional do Amigo da Marinha do Brasil
11,06,ğŸ˜‚ Dia Nacional do Riso
11,07,ğŸ“» Dia do Radialista
11,08,ğŸ©» Dia do Radiologista
11,08,ğŸ™ï¸ Dia Mundial do Urbanismo
11,09,â“ Dia do Caos Nunca Morre
11,09,ğŸ¨ Dia do Hoteleiro
11,09,âš¡ Dia do TÃ©cnico em EletrotÃ©cnica
11,09,âœŠ Dia Internacional contra o Fascismo e o Antissemitismo
11,09,âš½ Dia Nacional dos Clubes Esportivos Sociais
11,10,ğŸ”¬ Dia Mundial da CiÃªncia pela Paz e pelo Desenvolvimento
11,10,ğŸ‘ï¸ Dia Mundial do Ceratocone
11,10,ğŸ‘‚ Dia Nacional de PrevenÃ§Ã£o e Combate Ã  Surdez
11,10,ğŸ©º Dia Nacional do Intensivista
11,10,ğŸŒ¾ Dia Nacional do Trigo
11,11,âš”ï¸ Fim da Primeira Guerra Mundial (1918)
11,12,ğŸš— Dia da IndÃºstria AutomobilÃ­stica
11,12,ğŸ‘©â€ğŸ« Dia do Diretor Escolar
11,12,ğŸ† Dia do Pantanal
11,12,ğŸ›’ Dia dos Supermercados
11,12,ğŸ©º Dia Mundial da Pneumonia
11,12,ğŸ¤ Dia Mundial do Hip Hop
11,12,â¤ï¸ Dia Nacional de PrevenÃ§Ã£o das Arritmias CardÃ­acas e Morte SÃºbita
11,12,ğŸ’¡ Dia Nacional do Inventor
11,13,ğŸ¤ Dia Mundial da Gentileza
11,13,âœ… Dia Mundial da Qualidade
11,13,ğŸ–±ï¸ Dia Mundial da Usabilidade
11,14,â›³ Dia do Bandeirante
11,14,ğŸ©º Dia Mundial do Diabetes
11,14,ğŸ“š Dia Nacional da AlfabetizaÃ§Ã£o
11,15,ğŸƒ Dia do Esporte Amador
11,15,ğŸ’ Dia do Joalheiro
11,15,ğŸ™ Dia Nacional da Umbanda
11,15,ğŸ‡§ğŸ‡· ProclamaÃ§Ã£o da RepÃºblica
11,16,ğŸš­ Dia do NÃ£o Fumar
11,16,ğŸš— Dia em MemÃ³ria das VÃ­timas de Acidentes de TrÃ¢nsito e seus Familiares
11,16,ğŸ¤ Dia Internacional da TolerÃ¢ncia
11,16,ğŸŒŠ Dia Nacional da AmazÃ´nia Azul
11,16,ğŸ“– Dia Nacional de AtenÃ§Ã£o Ã  Dislexia
11,16,ğŸ©º Dia Nacional dos Ostomizados
11,17,ğŸ¨ Dia da Criatividade
11,17,ğŸ‘©â€ğŸ“ Dia Internacional dos Estudantes
11,17,ğŸ‘¶ Dia Mundial da Prematuridade
11,17,ğŸ—ï¸ Dia Mundial de Combate ao CÃ¢ncer de PrÃ³stata
11,17,ğŸ©º Dia Nacional de Combate Ã  Tuberculose
11,18,ğŸ¤ Dia do Conselheiro Tutelar
11,18,âœŠ Dia Nacional de Combate ao Racismo
11,18,ğŸ“œ Dia Nacional do NotÃ¡rio e do Registrador
11,18,ğŸ§« InÃ­cio da Semana Mundial de ConscientizaÃ§Ã£o Sobre o Uso de Antimicrobianos (18 a 24)
11,19,ğŸ‡§ğŸ‡· Dia da Bandeira
11,19,ğŸ˜ Dia de Ter Um Dia Ruim
11,19,ğŸ‘©â€ğŸ’¼ Dia do Empreendedorismo Feminino
11,19,âš½ Dia do Rei PelÃ©
11,19,ğŸ‘¨ Dia Internacional do Homem
11,19,ğŸ« Dia Mundial da DoenÃ§a Pulmonar Obstrutiva CrÃ´nica
11,19,ğŸš½ Dia Mundial do Vaso SanitÃ¡rio
11,20,ğŸ­ Dia da IndustrializaÃ§Ã£o da Ãfrica
11,20,ğŸ—‘ï¸ Dia de Usar Menos Coisas
11,20,ğŸ“Š Dia do Auditor Interno
11,20,ğŸ§¬ Dia do BiomÃ©dico
11,20,ğŸ’° Dia do TÃ©cnico em Contabilidade
11,20,ğŸ³ï¸â€âš§ï¸ Dia Internacional de MemÃ³ria Trans
11,20,ğŸ¤” Dia Mundial da Filosofia
11,20,âœŠ Dia Nacional de Zumbi e da ConsciÃªncia Negra
11,20,ğŸ‘¶ Dia Universal da CrianÃ§a
11,21,ğŸ‘¨â€âš•ï¸ Dia do MÃ©dico Homeopata
11,21,ğŸ‘‹ Dia Mundial da SaudaÃ§Ã£o
11,21,ğŸ“º Dia Mundial da TelevisÃ£o
11,21,ğŸ’Š Dia Nacional da Homeopatia
11,21,ğŸ‘¨â€ğŸ‘©â€ğŸ‘§ Dia Nacional do Compromisso com a CrianÃ§a o Adolescente e a EducaÃ§Ã£o
11,22,ğŸ‰ AniversÃ¡rio de NiterÃ³i
11,22,ğŸ‡±ğŸ‡§ Dia da Comunidade Libanesa no Brasil
11,22,ğŸŒ Dia de Criar seu PrÃ³prio PaÃ­s
11,22,ğŸµ Dia do MÃºsico
11,22,ğŸ¦Ÿ Dia Nacional de Combate ao Dengue
11,23,âš¡ Dia do Engenheiro Eletricista
11,23,ğŸ—ï¸ Dia Nacional de Combate ao CÃ¢ncer Infanto-Juvenil
11,24,ğŸ–ï¸ Dia do Quadro Auxiliar de Oficiais (QAO)
11,25,ğŸŒ® Dia da Baiana de AcarajÃ©
11,25,ğŸ‘© Dia da Madrinha
11,25,ğŸ©º Dia do Doador VoluntÃ¡rio de Sangue
11,25,ğŸš« Dia Internacional para a EliminaÃ§Ã£o da ViolÃªncia Contra as Mulheres
11,26,âš–ï¸ Dia Interamericano do MinistÃ©rio PÃºblico
11,27,ğŸ¦ƒ Dia de AÃ§Ã£o de GraÃ§as
11,27,ğŸ™ Dia de Nossa Senhora das GraÃ§as
11,27,ğŸ‘· Dia do Engenheiro de SeguranÃ§a do Trabalho
11,27,ğŸ›¡ï¸ Dia do TÃ©cnico de SeguranÃ§a no Trabalho
11,27,ğŸ—ï¸ Dia Nacional de Combate ao CÃ¢ncer
11,27,ğŸ€ Dia Nacional de Luta contra o CÃ¢ncer de Mama
11,28,ğŸ›ï¸ Black Friday
11,28,âš”ï¸ Dia do Soldado Desconhecido
11,29,ğŸ† Dia Internacional da OnÃ§a-Pintada
11,29,ğŸ¤ Dia Internacional de Solidariedade com o Povo da Palestina
11,29,ğŸ† Dia Nacional da OnÃ§a-Pintada
11,30,ğŸ¤ Dia da Amizade Argentino-Brasileira
11,30,ğŸ‡¦ğŸ‡· Dia de CelebraÃ§Ã£o da Amizade Brasil-Argentina
11,30,ğŸ“œ Dia do Estatuto da Terra
11,30,â›ª Dia do EvangÃ©lico
11,30,ğŸ“– Dia do TeÃ³logo
11,30,â˜£ï¸ Dia em MemÃ³ria de todas as VÃ­timas de Armas QuÃ­micas
12,01,ğŸ’» Cyber Monday
12,01,ğŸª™ Dia do Numismata
12,01,ğŸ©º Dia Internacional da Luta contra a AIDS
12,01,ğŸŸ  InÃ­cio do Dezembro Laranja | CÃ¢ncer de Pele (de 1 a 31)
12,01,ğŸ”´ InÃ­cio do Dezembro Vermelho | Aids (de 1 a 31)
12,02,ğŸ‰ AniversÃ¡rio de Minas Gerais
12,02,ğŸŒ  Dia da Astronomia
12,02,âœŠ Dia Internacional para a AboliÃ§Ã£o da Escravatura
12,02,ğŸ“¢ Dia Nacional das RelaÃ§Ãµes PÃºblicas
12,02,ğŸ’ƒ Dia Nacional do Samba
12,02,ğŸŒ Dia Pan-americano da SaÃºde
12,03,â›ª Dia de SÃ£o Francisco Xavier
12,03,ğŸ‘® Dia do Delegado de PolÃ­cia
12,03,â™¿ Dia Internacional da Pessoa com DeficiÃªncia
12,03,â™¿ Dia Internacional do Deficiente FÃ­sico
12,03,ğŸš« Dia Nacional de Combate Ã  Pirataria e Ã  Biopirataria
12,04,ğŸ‘ Dia de Usar Sapatos Marrons
12,04,ğŸ‘©â€ğŸ« Dia do Orientador Educacional
12,04,ğŸ¦¶ Dia do Pedicuro
12,04,ğŸ” Dia do Perito Criminal Oficial
12,04,â›ï¸ Dia do Trabalhador nas Minas de CarvÃ£o
12,04,ğŸ“¢ Dia Mundial da Propaganda
12,05,ğŸ‰ AniversÃ¡rio de MaceiÃ³
12,05,â™¿ Dia da Acessibilidade
12,05,ğŸ‘¨â€âš•ï¸ Dia do MÃ©dico de FamÃ­lia e Comunidade
12,05,ğŸ¤ Dia Internacional do VoluntÃ¡rio
12,05,ğŸŒ Dia Mundial do Solo
12,05,ğŸ‘¶ Dia Nacional da Pastoral da CrianÃ§a
12,06,â›ª Dia de SÃ£o Nicolau
12,06,âœŠ Dia Nacional de MobilizaÃ§Ã£o dos Homens pelo Fim da ViolÃªncia contra as Mulheres
12,06,ğŸŒ¾ Dia Nacional do Extensionista Rural
12,07,ğŸ‘¨â€âš•ï¸ Dia do MÃ©dico CirurgiÃ£o PlÃ¡stico
12,07,âœˆï¸ Dia lnternacional da AviaÃ§Ã£o Civil
12,07,ğŸ¤ Dia Nacional da AssistÃªncia Social
12,07,ğŸŒ² Dia Nacional da Silvicultura
12,08,ğŸ‘¨â€ğŸ‘©â€ğŸ‘§ Dia da FamÃ­lia
12,08,ğŸ™ Dia da Imaculada ConceiÃ§Ã£o
12,08,âš–ï¸ Dia da JustiÃ§a
12,08,â³ Dia de Fingir ser um Viajante do Tempo
12,08,ğŸ“° Dia do Colunista Social
12,09,ğŸ‘¶ Dia da CrianÃ§a Especial
12,09,ğŸº Dia do AlcoÃ³lico Recuperado
12,09,ğŸ‘„ Dia do FonoaudiÃ³logo
12,09,ğŸš« Dia Internacional contra a CorrupÃ§Ã£o
12,09,ğŸ•¯ï¸ Dia Internacional de Homenagem e Dignidade das VÃ­timas do Crime de GenocÃ­dio
12,10,ğŸ“œ Dia da DeclaraÃ§Ã£o Universal dos Direitos Humanos
12,10,ğŸ¤ Dia da InclusÃ£o Social
12,10,â›ª Dia de SÃ£o MelquÃ­ades
12,10,ğŸ¤¡ Dia Universal do PalhaÃ§o
12,11,â›ª Dia de SÃ£o DÃ¢maso
12,11,ğŸ‘· Dia do Engenheiro
12,11,ğŸ’ƒ Dia do Tango
12,11,â›°ï¸ Dia Internacional das Montanhas
12,11,ğŸ‘©â€ğŸ’¼ Dia Nacional da CÃ¢mara JÃºnior
12,11,â™¿ Dia Nacional das APAEs
12,12,ğŸ‰ AniversÃ¡rio de Belo Horizonte
12,12,ğŸ™ Dia de Nossa Senhora de Guadalupe
12,12,ğŸ“š Dia do Plano Nacional de EducaÃ§Ã£o
12,12,âš–ï¸ Dia Internacional da Neutralidade
12,12,ğŸ©º Dia Internacional da SaÃºde Universal
12,13,â›ª Dia de Santa Luzia
12,13,ğŸ” Dia do Engenheiro Avaliador e Perito de Engenharia
12,13,ğŸ’ Dia do Lapidador
12,13,âš“ Dia do Marinheiro
12,13,ğŸ‘“ Dia do Ã“tico
12,13,ğŸ‘· Dia do Pedreiro
12,13,ğŸ‘ï¸ Dia Nacional do Cego
12,13,ğŸ¶ Dia Nacional do ForrÃ³
12,14,ğŸ“– Dia da BÃ­blia
12,14,ğŸ£ Dia do Engenheiro de Pesca
12,14,ğŸ¤§ Dia do MÃ©dico Alergista
12,14,ğŸš« Dia Nacional de Combate Ã  Pobreza
12,14,âš–ï¸ Dia Nacional do MinistÃ©rio PÃºblico
12,14,âœ¡ï¸ Hanukkah
12,14,ğŸ©º InÃ­cio da Semana de MobilizaÃ§Ã£o Nacional para DoaÃ§Ã£o de Medula Ã“ssea (14 a 21)
12,15,ğŸ›ï¸ Dia do Arquiteto
12,15,ğŸŒ± Dia do Jardineiro
12,15,â™»ï¸ Dia Nacional da Economia SolidÃ¡ria
12,16,â›ª Dia de Santa Adelaide
12,16,ğŸ–ï¸ Dia do Reservista
12,16,ğŸ­ Dia do Teatro Amador
12,17,â›ª Dia de SÃ£o LÃ¡zaro
12,17,ğŸ‘· Dia do Engenheiro de ProduÃ§Ã£o
12,17,â›ª Dia do Pastor Presbiteriano
12,17,ğŸŒ¾ Dia Nacional do Bioma Pampa
12,18,ğŸ‡¦ğŸ‡ª Dia da LÃ­ngua Ãrabe
12,18,â›ª Dia de SÃ£o ZÃ³zimo
12,18,ğŸš½ Dia de Usar um Desentupidor na CabeÃ§a
12,18,ğŸ›ï¸ Dia do MuseÃ³logo
12,18,ğŸŒ Dia Internacional dos Migrantes
12,19,ğŸ‰ AniversÃ¡rio da EmancipaÃ§Ã£o do ParanÃ¡
12,19,ğŸ§¥ Dia do SuÃ©ter Feio
12,20,ğŸ”§ Dia do MecÃ¢nico
12,20,ğŸ¤ Dia Internacional da Solidariedade Humana
12,21,ğŸ›ï¸ Dia de NÃ£o Arrumar a Cama
12,21,ğŸƒ Dia do Atleta
12,21,â˜€ï¸ InÃ­cio do VerÃ£o
12,22,ğŸ‰ AniversÃ¡rio da CriaÃ§Ã£o de RondÃ´nia
12,23,ğŸ‘‹ Dia do Vizinho
12,24,ğŸ‘¶ Dia do Ã“rfÃ£o
12,24,ğŸ„ VÃ©spera de Natal (Ponto Facultativo apÃ³s as 13h)
12,25,ğŸ‰ AniversÃ¡rio da cidade de Natal
12,25,ğŸ… Natal
12,26,ğŸ•¯ï¸ Dia da LembranÃ§a
12,26,â›ª Dia de SÃ£o EstevÃ£o
12,27,ğŸ©º Dia Internacional de PreparaÃ§Ã£o EpidemiolÃ³gica
12,28,ğŸ‰ AniversÃ¡rio de Rio Branco
12,28,âš“ Dia da Marinha Mercante
12,28,â›½ Dia do PetroquÃ­mico
12,28,ğŸ›Ÿ Dia do Salva-vidas
12,28,ğŸŠ Dia Nacional do Cooperativismo de CrÃ©dito
12,30,â³ Festival das MudanÃ§as de Ãšltima Hora
12,31,ğŸƒ Dia de SÃ£o Silvestre
12,31,ğŸ‰ VÃ©spera de Ano-Novo (Ponto Facultativo apÃ³s as 13h)
---
02,28,ğŸ‚ AniversÃ¡rio do Paulo!
03,17,ğŸ‚ AniversÃ¡rio do TÃºlio!
03,17,ğŸ‚ AniversÃ¡rio da Clara!
04,10,ğŸ‚ AniversÃ¡rio do Heric! 
04,15,ğŸ‚ AniversÃ¡rio da Fer! 
04,21,ğŸ‚ AniversÃ¡rio da Elisa! 
04,29,ğŸ‚ AniversÃ¡rio do Madson!
05,05,ğŸ‚ AniversÃ¡rio do Ariel!
07,10,ğŸ‚ AniversÃ¡rio do HCNEWS!
09,27,ğŸ‚ AniversÃ¡rio do Claudinei!
11,25,ğŸ‚ AniversÃ¡rio do Luis! 
